"","LMA Lasso","LMA PLS","δ13C Lasso","δ13C PLS","δ15N Lasso","δ15N PLS","C Lasso","C PLS","N Lasso","N PLS","P Lasso",".P_pct"
"1",0.0450054732010406,0.0807070898766761,-0.226368322905698,-0.577190192750744,-0.0784040614016484,-0.456271651010197,0.196324311109925,0.188940314549862,0.426001454695951,0.635906566247623,-0.0547789745467138,-0.60802980885316
"2",-0.196839345708244,-0.25046649766642,-0.0037056258936885,-0.291301468573276,-0.0784040614016484,-0.0561875277719288,0.00162144177387269,-0.0289226175984472,0.0948565016427829,0.134495841639506,-0.0547789745467138,-0.251097850528525
"3",0.299541672028118,0.208055079730031,-0.219343545930174,-1.19797714007409,-0.0784040614016484,-0.797416610269441,0.0114190546813389,-0.0145063713059512,0.243622504122059,0.0982807875546688,-0.0547789745467138,0.158608906889616
"4",-0.102601173263498,-0.259712498921482,-0.061625556382072,-1.79170445403671,-0.0784040614016484,0.0146853161538112,-0.101439413797507,0.0778405332837416,0.0458565467620566,0.0968929475671035,-0.0547789745467138,0.0833578046016276
"5",0.05193506171832,0.0270516027305528,-0.987519664709135,-0.405328582386997,-0.0784040614016484,0.00707897941910918,0.0748613637386683,0.171000198445949,0.346511040046691,0.520924118918493,-0.0547789745467138,-0.0521257450021644
"6",0.0913574487514964,0.313824819038093,-0.061625556382072,-0.540799357056598,-0.0784040614016484,-0.613199896504905,-0.040160502454845,0.195521515985883,0.327180614142374,0.314559076451786,-0.0547789745467138,0.00225543263327643
"7",-0.202955573590313,0.0793779881014589,-0.233248941572676,-0.71517687525192,-0.0784040614016484,-0.0776624397157868,0.0361643133256703,0.0116802812141257,0.312311616757993,0.343589250279565,-0.0547789745467138,-0.255735536240892
"8",-0.262659629891858,-0.209599117824797,-0.061625556382072,-0.410884561132673,-0.0784040614016484,-0.343623887976278,-0.299471855675398,-0.0168318017028053,0.360480945869316,0.424346799861142,-0.0547789745467138,-0.582579539998599
"9",-0.224642547248502,-0.21102628150608,-0.654015048092197,-0.567709670115925,-0.0784040614016484,-0.0768347251689292,0.0469221911597604,0.207589657716256,0.317602063454051,0.268865712966257,-0.0547789745467138,-0.00748393195078489
"10",0.274223141518162,0.141816197294733,-0.061625556382072,-0.114208826467328,-0.0784040614016484,-0.236102520877602,0.165118718361652,0.228516270722223,0.392785265298357,0.432465962835714,-0.0547789745467138,-0.250210383780073
"11",0.0979469121140589,0.119064742530249,-0.341429881218135,-0.726252851986658,-0.354160598253614,-0.732976630546614,0.0907298359668001,0.137406425409634,0.35586560508626,0.428189794316776,-0.0547789745467138,0.0327809814063318
"12",0.0998024816551306,0.0934601753521883,-0.142709540613951,-0.351602371580513,-1.31230194869679,-1.49148640201169,-0.0495914155716528,0.102512146238028,0.402871146915938,0.340615489759731,-0.0547789745467138,-0.034184060531568
"13",0.296161939858384,0.341342856289687,-0.061625556382072,-0.138824212471474,-0.0784040614016484,-0.0223678639100113,0.154586711737111,0.138342676385467,0.29409460025601,0.413169800480621,-0.0547789745467138,0.213206656911697
"14",0.0979469121140589,0.119064742530249,-0.360092645076573,-0.745340597746674,-0.354160598253614,-0.732976630546614,0.090070222224241,0.137470108167156,0.349576893050613,0.429234530195808,-0.0547789745467138,0.0383348563698239
"15",0.220208838511415,0.297599747828258,-0.061625556382072,-0.20325503533007,-0.0784040614016484,-0.248742593459259,0.0197388263611959,-0.211961025670706,0.145388773719643,0.0663419494391373,-0.0547789745467138,0.155333778218922
"16",0.0969596490806794,0.359274238960021,-1.51806615712076,-0.989349536438711,-0.0951001598085532,-0.188117921945763,-0.142732379300933,-0.507416938893294,0.469065323850107,0.504306170682944,-0.0547789745467138,0.00714566251387772
"17",0.0308887640059072,-0.0689407574126846,-0.061625556382072,-0.572416501544866,-0.0784040614016484,-0.702612907695686,-0.265074188494695,-0.177790745302468,0.133940826312143,-0.106867945296715,-0.0547789745467138,-0.226350298666338
"18",-0.0630584862159462,0.102759720648081,-0.061625556382072,-0.804874152023125,-0.0784040614016484,-0.0170344220231493,-0.103413940202491,0.000808906966396239,0.24105933840753,0.38933379612042,-0.0547789745467138,-0.0138768626342032
"19",0.119997401995958,0.162035209088323,-0.061625556382072,-1.62180605837227,0.265920526285293,0.204042831969892,0.03253587277072,-0.0376146970778151,0.361438729798786,0.0402593016208472,-0.0547789745467138,-0.106379715913453
"20",0.208432943531731,0.120783368309674,-0.061625556382072,-1.00623031864949,-0.0784040614016484,-0.123177178063969,0.24165592537547,0.251289377886545,0.117943978568406,0.379885533872454,-0.0547789745467138,-1.5099160419677
"21",0.0766832250905911,0.136939740676845,-0.061625556382072,-0.475732301758329,-0.0784040614016484,-0.776066185649245,-0.559087775770832,-0.625969931198602,0.084595255875252,0.0685901789220967,-0.0547789745467138,-0.251251750607006
"22",0.0668225459840821,0.137789090813108,-0.061625556382072,-0.421060352359188,-0.335899257135825,0.156386667180413,-0.0100787333220593,0.200874904656055,0.264605643418293,0.336200828423433,-0.0547789745467138,0.0695059504392859
"23",0.139586980284515,0.209234443283753,-0.061625556382072,-0.288085651977569,-0.401047885527891,-0.242592562446345,-0.0193822695477179,0.133483834896615,0.158975835740248,0.403776573984726,-0.0547789745467138,-0.0201028851729599
"24",0.0881506380924694,0.330990504438131,-0.061625556382072,-0.613682667898921,-0.0784040614016484,-0.634530735013236,-0.000856921024825263,0.189367691899412,0.315996693058121,0.325032692964918,-0.0547789745467138,0.0174869735099973
"25",0.220208838511415,0.297599747828258,-0.061625556382072,-0.20325503533007,-0.0784040614016484,-0.248742593459259,0.0197388263611959,-0.211961025670706,0.145388773719643,0.0663419494391373,-0.0547789745467138,0.155333778218922
"26",0.216705608465242,0.0706220460489956,-0.061625556382072,-0.0778601740621325,-0.0784040614016484,-0.153793884001535,-0.1428818920494,0.222849286294414,0.389831153690306,0.413299256665751,-0.0547789745467138,0.0514859748609472
"27",0.198605760343171,0.262786895998702,-0.526297198400664,-1.52560356266675,-0.0784040614016484,0.16676579194945,0.0830624049749585,0.226280784869448,0.252019587744994,0.0400411819341542,-0.0547789745467138,0.121263061357081
"28",0.0668225459840821,0.137789090813108,-0.061625556382072,-0.421060352359188,-0.0784040614016484,0.162652090323614,-0.0281792546216542,0.184398459365837,0.264605643418293,0.336200828423433,-0.0547789745467138,0.0741631265893897
"29",0.2824819357211,0.32781511011847,-0.061625556382072,-0.55813584406071,-0.316721550497429,-0.724647330496299,0.0988160510940277,0.0800044027930948,0.283390304114463,0.228516414520442,-0.0547789745467138,0.155584769918382
"30",0.115826093860701,0.108108660685449,-0.061625556382072,-0.618633493767658,-0.223910275107051,-0.133119697212124,0.0298458291426599,0.0167463160127413,-0.0331031447298431,-0.137204640521573,-0.0547789745467138,-0.214177603212142
"31",0.178017975773395,0.271157784318065,-0.061625556382072,-0.118620699282512,-0.49262181167739,0.0334513992239024,-0.105405613200042,-0.17561571928417,0.187451298610894,0.280059311454223,-0.0547789745467138,0.0246805358447447
"32",0.05798652458279,0.0446932090666637,-0.061625556382072,-1.10194298411609,-0.0436481915549602,-0.135097021973301,0.183103342439505,-0.12121486401414,0.363662988509587,0.499841750289912,-0.0547789745467138,-1.00959527951039
"33",-0.308371447513525,0.144206635921852,-0.061625556382072,-0.504053155021985,-0.0784040614016484,-0.612048793359869,-0.426589722967392,-0.0222512516398423,-0.0479795668537164,-0.807088348347796,-0.0547789745467138,-0.13600269799983
"34",0.118110674465464,0.149412974435454,-0.061625556382072,-1.69692717545197,0.157583059153696,0.170807014397597,0.0241957696162245,-0.044489675282321,0.286495518707044,-0.032042667016198,-0.0547789745467138,-0.109797015666921
"35",0.219495711263779,0.144860628189758,-0.061625556382072,-0.424003060527276,-0.0784040614016484,-0.537854010916041,0.099330230745816,0.334427007082978,0.241817459957079,-0.298691395596355,-0.0547789745467138,-1.4522630524545
"36",-0.336895748685067,-0.475248476925328,-0.061625556382072,-0.243303073267584,-0.0784040614016484,-0.933928992011783,0.1303984250853,-1.02175507408261,0.512192191034943,0.515269935443932,-0.0547789745467138,-0.477646291168993
"37",0.233124494525563,0.235687946647909,-1.10438201845641,-0.185402605317487,-0.0784040614016484,-0.270721695963499,-0.0127642811463562,-0.261137795242522,0.177848041308682,0.149222663932363,-0.0547789745467138,0.149316106567952
"38",-0.0258318356890725,0.100340405682287,-0.061625556382072,-0.496524865946436,-0.0784040614016484,0.14578006041634,0.0608849886163311,0.187440557417541,0.242490616096384,0.324768804089781,-0.0547789745467138,0.118419824544484
"39",0.116790305606984,-0.464950591003331,-0.0520967525263893,-0.467611311531301,-0.0784040614016484,-0.441343793551621,0.0350321011752508,-0.0794363766829067,0.290615816788814,0.310351049875064,-0.0547789745467138,-0.234101105241945
"40",0.0281497648442841,0.0499265808542646,-2.09376589559343,-2.43974491062294,-0.0784040614016484,0.0153965984366327,0.101976858247239,0.217826199830262,0.401020865644981,0.57814726287001,-0.0547789745467138,-0.0940031140008337
"41",0.207375585304456,0.205033726895737,-0.061625556382072,-0.144062369953055,-0.0784040614016484,-0.0473546082676304,0.049067435796028,-0.0935801474854137,0.238221547040394,0.126415568631309,-0.0547789745467138,0.0893118123736005
"42",0.15367919511037,0.258108699971661,-0.061625556382072,-1.13909913698526,-0.0784040614016484,-0.060611299002697,-0.112917613488161,-0.0421693327546036,0.246099172102785,0.387231182571389,-0.0547789745467138,0.0762260104922347
"43",-0.03655646747754,0.270583796372298,-0.061625556382072,-0.731702615685339,-0.0784040614016484,-0.127348705277813,0.00362211739523821,0.109531546349793,0.249145934833003,0.392860132633934,-0.0547789745467138,-0.00230294953356625
"44",0.191314928574691,0.384994300009612,-0.061625556382072,-0.46945130838936,-0.0784040614016484,-1.64681818361221,0.0898106810313641,0.178189276012887,0.331057837411796,0.324859598384427,-0.0547789745467138,-0.507692899117322
"45",-0.441424216910827,-0.224514937988938,-0.061625556382072,-0.246159138744682,-0.0784040614016484,-0.247298691884639,-0.0285359492343717,0.0768781774452322,-0.257219277992632,0.0723530974489024,-0.0547789745467138,-0.476197351599087
"46",-0.120802346249256,0.0361090452338556,-0.450546735675872,-1.09307089613997,-0.0784040614016484,-0.0168602916834091,-0.142439408833428,-0.00963080486108514,0.12554087038954,0.231340740893585,-0.0500797894959315,-0.0615607547014039
"47",-0.394702923687679,-0.00377102506509019,-0.061625556382072,-0.544486234088909,-0.0784040614016484,-0.451102884281091,-0.42327895122915,-0.0141860870378037,0.128660255614806,0.0816545938925319,-0.0547789745467138,-0.103086008902252
"48",0.152756972291193,0.294969541459235,-0.061625556382072,-1.0863525470733,-0.0784040614016484,-0.349129910059079,-0.00795359879366297,-0.108839161399465,0.277344666238936,0.362129284230774,-0.0547789745467138,0.0769942222009569
"49",-0.0525409061341173,-0.306715157930105,-0.061625556382072,-0.266190207881548,-0.0784040614016484,-0.883717989399863,-1.79377991097697,0.102857308247957,0.375311821666547,0.540094253567381,-0.0547789745467138,-0.58344216909276
"50",0.10203988259175,0.142889780071937,-0.061625556382072,-0.310404819920096,-0.754931718572829,-1.03350321800878,-0.125998052188488,-0.525396138598841,0.0606931251580791,0.119796560572095,-0.0547789745467138,0.145849004154654
"51",0.146280250050687,0.207552081007582,-0.061625556382072,-0.748342850611764,-0.0784040614016484,-0.430819844743675,0.0652864307686994,-0.0277246972314584,0.0060639545523502,0.120516654778063,-0.0547789745467138,-0.0510199228290673
"52",0.117786499819248,-0.474872377561545,-0.0709006160313761,-0.49298975966697,-0.0784040614016484,-0.439558874790795,-0.000856921024825263,-0.0735109911909877,0.288859149585269,0.305744081717112,-0.0547789745467138,-0.244823663665311
"53",0.299541672028118,0.208055079730031,-0.219343545930174,-1.19797714007409,-0.0784040614016484,-0.797416610269441,0.0114190546813389,-0.0145063713059512,0.219910081312857,0.0837699550444427,-0.0547789745467138,0.16392193428315
"54",0.0766832250905911,0.136939740676845,-0.061625556382072,-0.481019630746638,-0.0784040614016484,-0.776066185649245,-0.559087775770832,-0.625969931198602,0.084595255875252,0.0685901789220967,-0.0547789745467138,-0.251251750607006
"55",-0.147596323413304,-0.0904879333622928,-0.061625556382072,-0.602407945029771,-0.0784040614016484,0.00756596481690774,-0.0733792685931225,0.0116484970768167,0.193072323538386,0.0726307850133029,-0.0547789745467138,0.106320809013169
"56",-0.19498189404684,-0.38391972138984,-0.061625556382072,-0.212903308355123,-0.0784040614016484,0.00714096263342889,-0.0649685492122207,0.00856465961517694,0.252705991126019,0.0928029029933574,-0.0547789745467138,-0.356070948583116
"57",0.0136867098478691,0.0335189794726022,-0.061625556382072,-1.19837440499707,-0.0784040614016484,-0.721556876650769,0.0501016419075327,0.0511397369220178,0.397078791822837,0.463481622678256,-0.0471145040517382,-0.295268910442118
"58",0.115006163577652,0.103857937461505,-0.061625556382072,-0.631348482725047,-0.149334422197346,-0.316903588988605,0.020200514312843,0.0104589034352651,-0.0220116725525417,-0.135062445486227,-0.0547789745467138,-0.0172012875486693
"59",0.222420485567156,0.256385973086767,-0.061625556382072,-0.192539200933732,-0.0784040614016484,-0.407379640917793,-0.973997703000304,-0.251920098943255,0.329954395458571,0.154323480337252,-0.0547789745467138,0.144755789491944
"60",-0.523911649548333,-0.75129632680232,-0.061625556382072,-0.32167552350862,-0.0784040614016484,0.0671013851749799,-0.189871548316836,0.06052151646772,0.238052022880567,0.0979940110285906,-0.0547789745467138,0.0833579969063231
"61",0.186835987151866,0.191617330996956,-0.061625556382072,-0.254775665068796,-0.0784040614016484,-0.00635396131486932,0.0773443733385671,0.192024500382911,0.386175468307366,0.376385195536345,-0.0547789745467138,0.133572847875618
"62",-0.473860368825272,-0.392737077067755,-0.306421883787606,-0.443070898100209,-0.0784040614016484,-0.702288845245173,-0.0849650536127839,0.160498601383964,0.0332475065390001,0.455807217388536,-0.0547789745467138,-0.0650343047484858
"63",0.178365674637473,0.0948577986840163,-0.061625556382072,-0.873343964458864,-0.0784040614016484,-0.317400365893489,-1.93147389302074,-0.72229299044235,-0.110357044039588,-0.307405459163278,-0.0547789745467138,-0.052445897142656
"64",-0.286066031416127,-0.13325606961764,-0.061625556382072,-0.31475881647398,-0.0784040614016484,-0.131217554813434,-0.0693373904589527,0.0159475669437786,0.0244835249879349,-0.256212578389719,-0.0547789745467138,-0.0151837831090122
"65",0.15367919511037,0.258108699971661,-0.061625556382072,-1.13909913698526,-0.0784040614016484,-0.060611299002697,-0.112917613488161,-0.0421693327546036,0.246099172102785,0.387231182571389,-0.0547789745467138,0.0762260104922347
"66",0.101697753801346,0.228950473883493,-0.061625556382072,-0.108385088745565,-0.642970337454312,-0.0848918394975819,-0.129977935475952,-0.183474024118301,0.262263295790804,0.300279914105009,-0.0547789745467138,0.108783543943924
"67",-0.293702512357311,-0.563519898421827,-0.061625556382072,-0.315275806564374,-0.0784040614016484,-0.131217554813434,-0.0793183059560834,0.0592209181176558,0.0947324082714216,-0.0849496900387114,-0.0547789745467138,-0.0154474100427047
"68",0.107977485161795,0.212091370823443,-0.061625556382072,-0.313226019194871,-0.0494891636677313,-0.0935069988306112,-0.0320995675878235,0.114978165028676,0.249819823882805,0.413784845440514,-0.0547789745467138,-0.53786565532169
"69",0.105540757706205,0.207093370061789,-0.061625556382072,-1.21650410066642,0.0154171736559394,-0.0106140881420553,-0.191401237570944,-0.780865190434244,0.262501138595565,0.492582260487166,-0.0547789745467138,0.0699366116225162
"70",0.0609165950420395,0.1884642690642,-0.061625556382072,-0.393219407786483,-0.0784040614016484,-0.118837336945818,-0.0796554889333145,0.111657114240048,0.231042655271299,0.335398290950527,-0.0547789745467138,-0.324504401142869
"71",-0.210588842150684,-0.117380613139494,-0.061625556382072,-0.211386164311745,-0.0784040614016484,-0.169344401157844,-0.0478620478073468,0.00341098891962843,-0.175893418931828,0.0973562266952063,-0.0547789745467138,-0.652603763732445
"72",-0.133489738686055,-0.187516876243002,-0.061625556382072,-0.492191587621748,-0.25569636030263,-2.93981165836562,-0.136589183303434,-0.17662032806181,0.320608563192184,0.449429438398538,-0.0547789745467138,-0.136059351340705
"73",0.101111808462626,0.102363987153292,-0.061625556382072,-0.487809939642842,-0.0784040614016484,-0.165318541214401,-0.345549006541602,-0.593108245307935,0.199564111372534,0.139608669951359,-0.0547789745467138,-0.00124684834368827
"74",0.119997401995958,0.162035209088323,-0.061625556382072,-1.62180605837227,0.265920526285293,0.204042831969892,0.03253587277072,-0.0376146970778151,0.361438729798786,0.0402593016208472,-0.0547789745467138,-0.106379715913453
"75",-0.284087359172656,0.226393121847518,-0.061625556382072,-0.170396491172992,-0.495144154371192,-0.768290441962895,0.0387213487946647,-0.0300456912350597,0.276997841829402,0.29814812596411,-0.0547789745467138,-1.38408193102706
"76",0.0834630429815216,0.115687283758152,-0.061625556382072,-0.478266288319468,-0.0784040614016484,-0.200832905211062,0.112402603969744,0.116458341586291,0.315875819773796,0.391005000140246,-0.0547789745467138,0.142878348405773
"77",-0.689856090744809,-0.391997171198318,-0.061625556382072,-0.331002570518327,-0.0784040614016484,-0.810398018582225,-0.144068953180402,0.13250574243123,0.436313718236376,0.526694374956659,-0.0547789745467138,-0.199125887042977
"78",0.146790402191446,0.264909343175335,-0.061625556382072,-0.966413968984847,-0.0784040614016484,-0.0765770562962356,-0.017767521078611,-0.0014361194958501,0.223560224421886,0.344637295847903,-0.0547789745467138,0.160919600142557
"79",0.136884637297003,0.157525469094836,-0.061625556382072,-1.60894688026566,0.120783770909042,0.123672563306811,0.0274162382553391,0.0181698222977815,0.290327891111258,-0.0135411439033748,-0.0547789745467138,-0.108730494600835
"80",0.173037584911643,0.198242508456181,-0.061625556382072,-0.839163679741265,-0.0784040614016484,-0.0882134975990136,-0.0393534791664349,-0.0399775357604444,0.0748887926815398,0.145334424151119,-0.0547789745467138,-0.0659569038124905
"81",0.0342087935422276,-0.0108986108769829,-0.061625556382072,-0.186127282803296,-0.0784040614016484,-0.0704460078864479,0.1176911617829,0.144872721401821,0.193718551931715,-0.19111952661116,-0.0547789745467138,-0.88957263610309
"82",-0.014509251807538,-0.00264420888845995,-0.061625556382072,-0.306875198999317,0.0891586104677844,0.0821611015941783,-0.115620462138274,0.0944177374044525,0.106656849596689,0.166311416059872,-0.0547789745467138,-0.0826892059476896
"83",0.363765213748996,0.383204973438933,-0.061625556382072,-0.180750200404034,-0.0784040614016484,-0.154930277320764,-0.0719436478048381,0.119202222885222,0.390332427311371,0.522164526381367,-0.0547789745467138,-0.703209744486003
"84",-0.0946572330405664,-0.159729951176815,-0.061625556382072,-0.339536009525181,-0.0784040614016484,0.0143489032894596,-0.0831878474561338,0.0465600205038237,0.16849917863303,0.122775348935876,-0.0547789745467138,0.0938718374602256
"85",0.117292176722856,0.168796255505027,-0.061625556382072,-0.267663745493858,0.265920526285293,0.204042831969892,0.03253587277072,-0.0376146970778151,0.361438729798786,0.0402593016208472,-0.0547789745467138,-0.106379715913453
"86",0.127275699280044,0.11234387389714,-0.061625556382072,-1.09093699122077,-0.0784040614016484,-0.806761628265788,-0.00170349720084051,-0.000128992613849688,0.226070468247027,0.419243525776619,-0.0547789745467138,-0.310402276712257
"87",0.0881506380924694,0.330990504438131,-0.061625556382072,-0.613682667898921,-0.0784040614016484,-0.634530735013236,-0.000856921024825263,0.189367691899412,0.315996693058121,0.325032692964918,-0.0547789745467138,0.0174869735099973
"88",-0.0449697699312195,-0.0317490013836095,-0.061625556382072,-2.17559475462051,-0.0784040614016484,-0.597160791307673,0.00398235022020144,0.142581963459965,-0.0903778364807817,0.261442945718168,-0.0547789745467138,-0.0217295085751783
"89",0.22009927430149,0.137975955977015,-0.061625556382072,-0.0575907280335877,-0.0784040614016484,-0.0774498705573639,-0.203991946770847,0.222864147979568,-0.0123749164427718,0.0456079855367981,-0.0547789745467138,0.103218008375161
"90",0.116807790137796,0.156991828931894,-0.061625556382072,-0.843890218601784,-0.0784040614016484,-0.0636864280772855,0.035477622032507,-0.566337774509968,0.170270409020646,0.157438084831372,-0.0547789745467138,0.0644912502645728
"91",-0.0204066342606948,0.0837096168628948,-0.0335387352316934,-0.239936156499866,0.00489913672449493,-0.157868132432713,0.0988521403674503,0.0526224695377808,0.362690493676091,0.529323096338331,-0.0547789745467138,0.0372191167138924
"92",0.280939885455294,0.313364662705594,-0.061625556382072,-0.474258835377023,-0.30953271689876,-0.729135293252622,0.168692626663344,0.0829111652629531,0.252687401996799,0.230407471273591,-0.0547789745467138,0.143044534979009
"93",-0.21532464719684,-0.100276785711604,-0.061625556382072,-0.16866379610272,-0.0784040614016484,-0.510196423525516,-0.244941179641444,-0.0214172248268263,0.080040840871173,0.110455593891341,-0.0547789745467138,-0.139407856732365
"94",0.159505412087779,0.200548616195945,-0.061625556382072,-0.916586153231628,-0.0784040614016484,-0.739200790978939,0.0189750620808007,-0.1262009220817,0.279052446538387,0.453702676041637,-0.0547789745467138,0.00830458520081356
"95",0.0755674713661217,0.35954012674737,-0.061625556382072,-0.572664110464103,-0.629666349767662,-0.302742490452606,0.0690267253201396,0.137206581586491,-0.00431876297399381,0.355846910357781,-0.0547789745467138,-0.688887985824798
"96",0.067694946184615,0.36554477599998,-0.061625556382072,-0.657507858183232,-0.0784040614016484,-0.180287554155264,0.056430823756382,-0.792716696192008,0.381265078309726,0.475140700664919,-0.0547789745467138,-0.539469428874808
"97",0.238822063618748,0.20565996334668,-0.061625556382072,-0.529886347203769,-0.0784040614016484,-0.0122144387187255,0.0601585813903587,0.0482339974521052,0.261269815520321,0.148648220853782,-0.0547789745467138,-0.585823512954909
"98",-0.0709602065005086,0.096392350721718,-0.610945009028329,-0.455534072455057,-0.379377308107988,0.166951164013573,0.0234557209415736,0.209498875906593,0.23789208058554,0.293611001040781,-0.0547789745467138,0.11684752997308
"99",-0.10076343571526,0.0412412085757567,-0.444067320942955,-0.927104185091644,-0.0784040614016484,-0.0104893900735592,-0.141921082627437,-0.0192998694867179,0.143174976926176,0.245502863792769,-0.0498688434266159,-0.0549904458020805
"100",0.338424292673468,0.145270221874762,-0.061625556382072,-0.520694177446526,-0.0784040614016484,-0.0628068784777327,0.0384623342495016,-0.0240143693855264,0.278717541603132,-0.03919825601825,-0.0547789745467138,-0.552701005969194
"101",-0.307929087902491,0.13763033681468,-0.061625556382072,-0.159820374465139,-0.452426117081361,-0.778468569471688,0.0325458672929929,-0.0411202207028181,0.226351678146853,0.240635765436622,-0.0547789745467138,-1.20891306531876
"102",0.0964374922607684,0.243175447335116,-0.061625556382072,-0.156971535672084,-0.0784040614016484,-0.587751622137706,0.139917805166241,0.296562116197796,0.133637328033413,0.388830583449741,-0.0547789745467138,0.0992649057557049
"103",-0.0690571465244116,0.0981873966879029,-0.061625556382072,-1.51097714019051,-0.0784040614016484,-0.104841491180513,-0.00931554725953876,0.0350289410705613,0.276076493151671,0.187395571137552,-0.0547789745467138,3.70561027281946e-05
"104",-0.477169399667918,-0.28527658140559,-0.061625556382072,-0.374081663521877,-0.0784040614016484,-0.385846546323379,-0.0121771454716606,-0.0515040774141293,0.042228664593402,0.231214676725704,-0.0547789745467138,0.270359863498598
"105",-0.67590725015834,-0.493008534653425,-0.0681782796354995,-0.373904996600637,-0.0784040614016484,-0.202027443337325,0.0729223487066896,-0.00970574330061691,0.363062316444853,0.453401873919527,-0.0547789745467138,-0.0900769715516549
"106",-0.237628894595849,-0.181834110939433,-0.061625556382072,-1.06849235112514,-0.0784040614016484,0.10856882363752,0.0493653291002841,0.158282305829445,0.0802234908870505,0.137502882333386,-0.0547789745467138,-1.04229536854868
"107",-0.0204066342606948,0.0866717864116252,-0.0401049979713048,-0.297252645103896,-0.00204211895239759,-0.154385360454697,0.0988521403674503,0.0526224695377808,0.370845846370406,0.548053726876564,-0.0547789745467138,0.0372538349426073
"108",-0.102601173263498,-0.259712498921482,-0.061625556382072,-1.79170445403671,-0.0784040614016484,0.0146853161538112,-0.101439413797507,0.0778405332837416,0.0458565467620566,0.0968929475671035,-0.0547789745467138,0.0833578046016276
"109",0.233786802216692,0.147968242638887,-0.061625556382072,-0.339547505651158,-0.0784040614016484,-0.420151841219217,0.0619345040148793,0.264931760392247,0.217840352237292,-0.244209364795853,-0.0547789745467138,-1.47628400835622
"110",-0.202955573590313,0.0793779881014589,-0.233248941572676,-0.71517687525192,-0.0784040614016484,-0.0776624397157868,0.0361643133256703,0.0116802812141257,0.312311616757993,0.343589250279565,-0.0547789745467138,-0.255735536240892
"111",-0.0380071465752374,-0.322143547112074,-0.061625556382072,-0.400968811483253,-0.0784040614016484,0.00569993865468399,-0.0297259338253362,-0.0684045963089202,0.338743655296214,0.309866735693821,-0.0547789745467138,-0.510510299675712
"112",0.0650462272790242,0.280559856494266,-0.061625556382072,-0.437248285729119,-0.0784040614016484,-2.55282686700239,-0.138466347691787,0.0120241317277463,0.319649030803632,0.266113647296494,-0.0547789745467138,-0.287472498264721
"113",-0.151155059135997,-0.0855083098380642,-0.061625556382072,-0.542476428498903,-0.0784040614016484,0.0241085206791019,-0.0560211408928941,0.014872969415277,0.178664862782056,0.0621070238232631,-0.0547789745467138,0.0998690543781904
"114",0.290762331506474,0.257196538981364,-0.061625556382072,-0.201836708602507,-0.0784040614016484,-0.0430515116675212,0.118027198762226,0.0141180016351619,0.268501976353425,0.249721081486451,-0.0547789745467138,-0.714662007143903
"115",-0.119738831690687,-0.0496109993942309,-0.169997871480011,-0.46047929421043,-0.0784040614016484,0.0499361389107,0.103084822863488,0.113507548107462,0.265323678920216,0.482947592326917,-0.0547789745467138,0.00590638571439284
"116",0.245601796008646,0.302000825585559,-0.061625556382072,-0.158677990093065,-0.0784040614016484,-0.0455990358624065,0.151667183878827,0.192171628013416,0.535231673703802,0.504576567120114,-0.0547789745467138,-0.094826969063776
"117",0.100332559387391,0.116835260021138,-0.061625556382072,-0.309621378667954,-0.0784040614016484,0.1185026587462,0.18339797576423,0.131339025636252,0.36129823892206,0.387880946875024,-0.0547789745467138,0.142222634868491
"118",-0.292338119617424,-0.252844062214254,-0.250682045915272,-0.446491346807328,-0.0784040614016484,-1.21424521056271,-0.0255738231604115,0.107569980700964,0.174719743129816,0.421643519106415,-0.0547789745467138,-0.130723977608354
"119",0.0218735611787723,0.0462640537856223,-0.061625556382072,-0.297980726898274,0.187397331986328,0.226598278270994,-0.353088659328037,-0.479032312773256,0.150264261362458,0.225289740378203,-0.0547789745467138,0.0972067918264585
"120",-0.0258318356890725,0.100340405682287,-0.061625556382072,-0.496524865946436,-0.0784040614016484,0.14578006041634,0.0608849886163311,0.187440557417541,0.242490616096384,0.324768804089781,-0.0547789745467138,0.118419824544484
"121",0.166462363701178,0.309164272198161,-0.061625556382072,-0.43387835768698,-0.177195672399876,-1.79138247009022,-0.170565558641026,-0.317677971144962,0.306926095886573,0.29067161278561,-0.0547789745467138,-0.254882907725438
"122",0.0988772921915798,0.0195194280091999,-0.061625556382072,-0.414432053183019,-0.0784040614016484,0.0682912771904436,-0.13062379205555,0.0445315674464747,0.30393051666067,0.299727918978952,-0.0547789745467138,-0.0173151672037737
"123",0.112309424803268,0.267364073197313,-0.061625556382072,-1.1709535394896,-0.0784040614016484,-0.163284659976523,-0.216710333524995,0.0244902354076562,0.275144632876909,0.377017750893877,-0.0547789745467138,0.137978960656878
"124",0.146790402191446,0.264909343175335,-0.061625556382072,-0.966413968984847,-0.0784040614016484,-0.0765770562962356,-0.017767521078611,-0.0014361194958501,0.22305356780165,0.359659595339118,-0.0547789745467138,0.160919600142557
"125",0.0945376695050065,0.0895497658302438,-0.107568053407262,-0.351869062293243,-1.25844679062773,-1.48122646352977,-0.0620185794611643,0.10489524237049,0.390944790141358,0.347490167185449,-0.0547789745467138,-0.027986351045385
"126",0.289062357856151,0.327432894958086,-0.0521640713077376,-0.19321846876093,-0.0784040614016484,0.0837843334070889,0.0847410158061552,0.0325035303904171,0.448268279850101,0.5438451088592,-0.0547789745467138,0.055122501457162
"127",-0.105900131239483,-0.166064287424198,-0.061625556382072,-0.432517307981502,-0.0784040614016484,0.0305473364238827,-0.0322903463426998,0.0888477401649447,0.16849917863303,0.122775348935876,-0.0547789745467138,0.0816649578647547
"128",0.029710573743634,-0.00459252304374247,-0.061625556382072,-0.199754102099504,-0.0784040614016484,-0.055651410261587,0.0926901036054369,0.176532865120112,0.180389298349686,0.0820437475446133,-0.0547789745467138,-0.833484890311028
"129",-0.0258318356890725,0.100340405682287,-0.061625556382072,-0.496524865946436,-0.0784040614016484,0.14578006041634,0.0608849886163311,0.187440557417541,0.242490616096384,0.324768804089781,-0.0547789745467138,0.118419824544484
"130",0.260912337575927,0.436306325748813,-0.061625556382072,-0.57043869171311,-0.0784040614016484,-1.4868412832227,0.0241027226003216,0.098308753761534,0.303889077795681,0.196270917489916,-0.0547789745467138,-0.248874122058709
"131",0.209977295933539,0.221468859389961,-0.887885863780532,-0.25946630752437,-0.346695667793089,-0.348935068708869,-0.771583791574879,-0.22845969059211,0.213947160516696,0.27152705010437,-0.0547789745467138,0.171193545795251
"132",0.106409510405328,0.127925636246634,-1.20279348549227,-0.956667996537684,-0.0784040614016484,-0.204473299925136,0.194253605255221,0.246089959169479,0.402013226319431,0.458705820361844,-0.0547789745467138,0.120305753517535
"133",-0.18523869755502,-0.0582224019156723,-0.061625556382072,-0.617982186176805,-0.0784040614016484,-1.06757620079632,-0.621821463336413,-0.219940217684618,0.110033504730088,-0.0172648089392711,-0.0547789745467138,-0.343648214791863
"134",-0.0630584862159462,0.102759720648081,-0.061625556382072,-0.809225719874211,-0.0784040614016484,-0.0170344220231493,-0.103413940202491,0.000808906966396239,0.24105933840753,0.38933379612042,-0.0547789745467138,-0.0142964749081729
"135",0.175152753201904,0.167661452918136,-0.061625556382072,-0.0100498382564813,-0.0784040614016484,-0.126742128885432,0.160942526735419,0.330530922021068,-0.0979967390855356,-0.0681755022781714,-0.0547789745467138,0.096364376322034
"136",-0.00884511405532673,0.00940417197497445,-0.061625556382072,-0.306875198999317,0.0891586104677844,0.0821611015941783,-0.115620462138274,0.0944177374044525,0.106656849596689,0.166311416059872,-0.0547789745467138,-0.0826892059476896
"137",0.074729227505749,-0.18539705789998,-0.061625556382072,-1.90146539763755,-0.0784040614016484,-0.108238903866213,-0.042918632402086,0.0892444183738881,0.019131582765628,0.114903355446075,-0.0547789745467138,0.0932640941918923
"138",0.115006163577652,0.103857937461505,-0.061625556382072,-0.631348482725047,-0.149334422197346,-0.316903588988605,0.020200514312843,0.0104589034352651,-0.0220116725525417,-0.135062445486227,-0.0547789745467138,-0.0172012875486693
"139",0.35146504570192,0.406504487815772,-0.061625556382072,-0.170404875228243,0.0974033587641336,-0.162203371915381,0.176096001858623,0.0757803822598732,0.260596170157404,0.523582217286588,-0.0547789745467138,-0.188897784751678
"140",-0.194630038062359,-0.188245129518634,-0.061625556382072,-0.501905991831953,-0.56623973761482,-2.57038524128255,-0.10114603937284,-0.225314193065634,0.364185420883076,0.303482122718815,-0.0547789745467138,-0.243158170986069
"141",0.135654703734292,0.114470384349535,-0.061625556382072,-0.205820440751081,-0.0784040614016484,0.0754516081887276,0.130918369037351,0.167298604318532,0.247440812528905,0.316067808251704,-0.0547789745467138,0.0972804116520376
"142",0.18757017160041,0.251386658392968,-0.061625556382072,-0.748982742424944,-0.0784040614016484,-0.42457449958171,0.0677272032890444,-0.027977240263884,0.0060639545523502,0.120516654778063,-0.0547789745467138,-0.0182947126519675
"143",-0.039724029382185,-0.309578574513812,-0.061625556382072,-0.398944149529047,-0.0784040614016484,-0.233000634824426,-0.0402951931140001,-0.0444524397914987,0.366438033791746,0.29162331234593,-0.0547789745467138,-0.476240907816686
"144",0.24809151195212,0.216699524474009,-0.061625556382072,-0.512020365670775,-0.0784040614016484,-0.119888842515144,0.0512854712579796,-0.0233743568362026,0.336792252095197,0.169980070922423,-0.0547789745467138,-0.639973451065131
"145",-0.151155059135997,-0.0855083098380642,-0.061625556382072,-0.542476428498903,-0.0784040614016484,0.0241085206791019,-0.0560211408928941,0.014872969415277,0.178664862782056,0.0621070238232631,-0.0547789745467138,0.0998690543781904
"146",-0.433546926692557,0.0735415232836654,-0.061625556382072,-0.825859514281537,-0.0784040614016484,-0.278236250873684,0.0599466742905345,-0.104286042340245,-0.00150554855520779,-0.301462905141045,-0.0547789745467138,-0.0892950649940929
"147",0.244787414983792,0.187949828378255,-0.458643177130138,-1.15677900832873,-0.0784040614016484,-1.04622174643815,-0.00413326679374371,0.00466010423254914,0.108998449090213,0.378626204795649,-0.0547789745467138,-0.227885388616678
"148",0.161093975768776,0.316421561062894,-0.061625556382072,-1.12900455715916,-0.0784040614016484,-0.178546238626561,-0.106607167754224,-0.0640055263840216,0.243675257051832,0.385311058722921,-0.0547789745467138,0.0758053638603206
"149",-0.26578927248044,-0.206237478740943,-0.216574324063439,-0.420086891002312,-0.0784040614016484,-1.28437030071457,0.0074384591356873,0.11537956355022,0.10316827162622,0.380338342205491,-0.0547789745467138,0.147084510460858
"150",-0.000174184372203623,0.0520919086461207,-0.061625556382072,-0.88139861734437,-0.0629306463914292,-0.293357174140242,-0.0475505828294769,0.0787952930422954,0.47955286810663,0.519142607885074,-0.0547789745467138,-0.0523962527551958
"151",-0.0253600965115128,0.100258042690524,-0.061625556382072,-0.493221040747398,-0.0784040614016484,0.148981381853084,0.0443301956513628,0.188163144526419,0.222955984849845,0.287707994406904,-0.0547789745467138,0.118419824544484
"152",-0.305102585216023,0.201456812603947,-0.061625556382072,-0.179311496228963,-0.0784040614016484,-0.457050199532369,-0.110343458345643,-0.185645759188024,0.179386603292058,0.226754244983636,-0.0547789745467138,-0.345744268963717
"153",0.057509085253303,-0.365938059129414,-0.061625556382072,-0.40237188559683,-0.0784040614016484,-1.56684099464001,0.0678650948468232,0.23587678128155,0.496115871827508,0.564987272187358,-0.0547789745467138,-0.244302151187886
"154",0.113194590469596,0.280560483579737,-0.061625556382072,-0.153224735299033,-0.0784040614016484,-0.137758667833066,0.118361566916755,0.33514531168779,0.375546122337983,0.405917442014266,-0.0547789745467138,0.053403745582038
"155",0.0328835706607836,0.267926164876812,-0.061625556382072,-0.4682606539207,-0.0784040614016484,-2.63205163220095,-0.133047688870868,0.0119357786335649,0.362501920125441,0.370852486061972,-0.0547789745467138,-0.222340113640444
"156",0.180359596939439,0.192401015271459,-0.061625556382072,-0.168467800455107,-0.0784040614016484,0.0348312110849559,0.0992629709764938,0.21910329575382,0.153428968478626,0.336909203750765,-0.0547789745467138,0.128585986144956
"157",0.187272204287626,0.193058919865126,-0.061625556382072,-0.258937265659608,-0.0784040614016484,-0.0208990774796578,0.133589587755908,0.146411319381963,0.389952542276291,0.371873214464538,-0.0547789745467138,0.124796483501419
"158",-0.0423628810701095,-0.0958838415081367,-0.061625556382072,-0.963497005754919,-0.0784040614016484,-0.0381348051360411,-0.278068759470551,-0.743343359902503,0.276154694144003,0.457659457983584,-0.0547789745467138,0.0639164861788089
"159",0.150754892602525,0.105716710709083,-0.061625556382072,-0.972156014810126,-0.0784040614016484,0.0114481554455134,0.2169183684175,0.242635937705096,0.148215816563453,0.287556776475261,-0.0547789745467138,-1.39121747337053
"160",-0.131819276172433,0.0585031330198903,-0.061625556382072,-0.732844400818223,-0.0784040614016484,-0.385132847945847,-0.0300283148939393,-0.159145723190485,-0.000300441444789801,-0.244491014719627,-0.0547789745467138,-0.149517371340391
"161",0.0946448580604738,0.0878951435703191,-0.128846332344197,-0.352286470729923,-0.673761018686352,-1.38904137203934,-0.133056250602878,0.0717833073624237,0.361123546778066,0.336433279050694,-0.0547789745467138,-0.080472253348312
"162",-0.170880349918386,-0.375491836695214,-0.061625556382072,-0.272747786888047,-0.0784040614016484,0.00793666571058738,-0.0265594586419213,-0.0316571824151919,0.289415570754334,0.0874558585273202,-0.0547789745467138,-0.704110043181969
"163",0.0975639126779112,0.34833268947316,-0.061625556382072,-0.505328360659977,-0.510522441314794,-1.36986207188351,0.033854164861713,0.157878758232486,-0.0332939116856907,0.38108159614086,-0.0547789745467138,-0.793048872091052
"164",0.191931231716801,0.122736176649471,-0.061625556382072,-0.416609063610282,-0.0784040614016484,-0.663115782791888,0.149920459361415,0.278796857992963,0.105868603167325,-0.230314014316608,-0.0547789745467138,-1.36945984585984
"165",0.176200250636217,0.162344839846631,-0.061625556382072,-0.350474026808637,0.000788178446349153,0.169049061585943,-0.246719225441691,0.0516371073002543,0.293997488017944,0.249792673151382,-0.0547789745467138,-0.021642372616155
"166",-0.575700744682712,-0.280362979422224,-0.107117671816809,-0.340409370173714,-0.0784040614016484,-0.13531098848248,-0.0403200853920638,0.158565302881154,0.0426433233594097,0.372773816855043,-0.0547789745467138,-0.114471893088111
"167",-0.214047457826002,-0.226082566187891,-0.061625556382072,-0.211386164311745,-0.0784040614016484,-0.237380037915842,-0.0320271830839709,0.00487519715291629,-0.120789474897381,0.119347444270377,-0.0547789745467138,-0.681549405890936
"168",-0.680951348918863,-0.373513853301434,-0.061625556382072,-0.337078188234692,-0.0784040614016484,-0.914363903370663,-0.133265837682459,0.138693707744387,0.436313718236376,0.526694374956659,-0.0547789745467138,-0.194894581707711
"169",0.148018367674681,0.290953618079598,-0.061625556382072,-1.2533453621993,-0.0784040614016484,-0.653495290158809,0.309155219204907,0.193931607275044,0.394993522772696,0.57558036563567,-0.0547789745467138,-0.571705387656784
"170",0.0342087935422276,-0.0108986108769829,-0.061625556382072,-0.214574714487908,-0.0784040614016484,-0.0704460078864479,0.1176911617829,0.144872721401821,0.193718551931715,-0.19111952661116,-0.0547789745467138,-0.881997492641505
"171",0.208432943531731,0.120783368309674,-0.061625556382072,-1.00623031864949,-0.0784040614016484,-0.123177178063969,0.24165592537547,0.251289377886545,0.117943978568406,0.379885533872454,-0.0547789745467138,-1.5099160419677
"172",0.108305774547628,0.15371747115371,-0.130363513816351,-0.23907085476736,-0.0784040614016484,-0.538489102513058,0.0360719905390189,-0.042545080659496,0.365230986778218,0.236531486976685,-0.0547789745467138,-0.114336250417942
"173",-0.147018912346292,-0.216337677002955,-0.061625556382072,-0.393522805383712,-0.0784040614016484,-0.130685009417689,-0.106307038767628,0.0182164460763824,0.454032575937182,0.427327904100906,-0.0547789745467138,-0.406238308061931
"174",-0.258145872812877,-0.123539467237813,-0.888872913396942,-0.481623414467348,-0.0784040614016484,-0.0824924299268039,0.0986134610194523,0.215238433227999,0.37076916661497,0.290870253046469,-0.0547789745467138,0.0177739585981787
"175",0.253688732750052,0.220241086100813,-0.061625556382072,-0.163723721095691,-0.0784040614016484,-0.71955431488727,0.205899065477466,0.197588356534231,0.00435265327632151,0.324306319912774,-0.0547789745467138,-0.00771960464621402
"176",0.161564805526202,0.159052560046343,-0.061625556382072,-1.06441157923682,-0.0784040614016484,-0.391166215608072,-0.0152029633103188,0.00210953525356417,0.163859602494247,0.17396667840092,-0.0547789745467138,0.185608231450506
"177",-0.262671438615347,-0.209777122593926,-0.061625556382072,-0.43099285493187,-0.0784040614016484,-0.341710873627277,-0.285920567658863,-0.0114579681773805,0.360480945869316,0.424346799861142,-0.0547789745467138,-0.582579539998599
"178",0.319331633718734,0.175780007318671,-0.061625556382072,-0.173027947670345,0.095249337178646,-0.076558338691479,-0.221604068335866,-0.201187975748267,0.312400877015739,0.326504312204134,-0.0547789745467138,3.90276550026325e-05
"179",-0.258145872812877,-0.123539467237813,-0.888872913396942,-0.481623414467348,-0.0784040614016484,-0.0824924299268039,0.0986134610194523,0.215238433227999,0.37076916661497,0.290870253046469,-0.0547789745467138,0.0177739585981787
"180",-0.0759878016367346,-0.197769999931717,-0.061625556382072,-0.593533406743542,-0.0784040614016484,-0.0162001190728238,-0.0539022169476477,0.0412296241462853,0.144469790897942,0.0453014381806468,-0.0547789745467138,-0.717086924361368
"181",-0.525912471458088,-0.766504326253058,-0.061625556382072,-0.320251363863297,-0.0784040614016484,0.0684195303752319,-0.0526940364197508,0.0623946403637379,0.210045921212316,0.0433246685500931,-0.0547789745467138,0.0383852751581327
"182",0.157249132685207,0.306862100634018,-0.061625556382072,-0.135136210428543,-0.0784040614016484,-0.171436795916101,0.154797725767426,0.187821090820251,0.530891765473242,0.466652472805899,-0.0547789745467138,-0.117289056773098
"183",-0.0458780254904507,0.0997231131180213,-0.061625556382072,-0.655720711346347,-0.0784040614016484,0.0191206987878459,0.233511173996882,0.253665983608759,0.228973514746628,0.211525732907408,-0.0547789745467138,-0.00462806257667259
"184",0.180324467579822,0.254208031352825,-0.061625556382072,-0.10651518315192,-0.605189322020552,0.0276220297864793,-0.0978444255487725,-0.202697239889688,0.187602395580004,0.271551169517888,-0.0547789745467138,0.0855987810832685
"185",-0.575700744682712,-0.280362979422224,-0.107117671816809,-0.340409370173714,-0.0784040614016484,-0.13531098848248,-0.0403200853920638,0.158565302881154,0.0355799645681371,0.368744057517112,-0.0547789745467138,-0.114471893088111
"186",-0.0819655339019676,0.336037997265273,-0.661758876008731,-1.51832026939596,-0.182249427428532,0.187596622260449,0.123836987106843,0.150613131876456,0.278703602173475,0.116628581342457,-0.0547789745467138,0.0704761858548066
"187",-0.147018912346292,-0.216337677002955,-0.061625556382072,-0.405923485592774,-0.0784040614016484,-0.130685009417689,-0.106307038767628,0.0182164460763824,0.468493132653788,0.45041233411238,-0.0547789745467138,-0.371639525541071
"188",0.179302091821897,0.291949000475029,-0.061625556382072,-0.166371370110178,-0.0784040614016484,-0.12994936408466,0.130839036293691,0.335824859977117,0.335164869928386,0.387718751051553,-0.0547789745467138,0.101962766560711
"189",0.209977295933539,0.221468859389961,-0.911578429739462,-0.262751451780009,-0.346695667793089,-0.348935068708869,-0.771583791574879,-0.22845969059211,0.213947160516696,0.27152705010437,-0.0547789745467138,0.172006623562091
"190",-0.383707850194215,-0.622644036406785,-0.061625556382072,-0.429570116621411,-0.0784040614016484,-0.289436733392304,-0.0699186479950709,0.00596797362363644,0.136113307025284,0.0772067639830936,-0.0547789745467138,-0.096475634589172
"191",0.0988772921915798,0.0195194280091999,-0.061625556382072,-0.414432053183019,-0.0784040614016484,0.0682912771904436,-0.13062379205555,0.0445315674464747,0.30393051666067,0.299727918978952,-0.0547789745467138,-0.0173151672037737
"192",0.176734240455094,0.252172200031756,-0.061625556382072,-0.289867308061472,-0.254386450334292,-0.157292624476348,-0.0979103332035911,0.120257714623264,0.261321031097119,0.392324558703021,-0.0547789745467138,-0.036801654856216
"193",0.279871056201052,0.268637104795666,-0.061625556382072,-0.261676007011704,-0.0784040614016484,-0.593886876015259,-0.10796971785329,0.212965974222893,0.341015569252746,0.320820429257224,-0.0547789745467138,0.0431100744213203
"194",-0.515075778659903,-0.748405248405655,-0.061625556382072,-0.339563742179998,-0.0784040614016484,0.13743846539029,-0.0755483937698038,0.0977417319900001,0.114242846310642,-0.0231231136745038,-0.0547789745467138,-0.0448214336045967
"195",-0.43647919300101,-0.398822466960717,-0.061625556382072,-0.41110038529728,-0.0784040614016484,-1.61174124728323,0.0324198508836495,0.254739034637375,0.50498498913763,0.570877000837108,-0.0547789745467138,-0.294802321526388
"196",0.197998523341618,0.419404903107383,-1.03222408932029,-1.00807613156473,-0.0784040614016484,-0.47797785995847,0.0958089833784448,0.12151009605468,0.330506175813531,0.0835984207045277,-0.0547789745467138,0.144152868509323
"197",-0.43647919300101,-0.398822466960717,-0.061625556382072,-0.434443710137254,-0.0784040614016484,-1.61174124728323,0.0324198508836495,0.254739034637375,0.50498498913763,0.570877000837108,-0.0547789745467138,-0.294802321526388
"198",0.107977485161795,0.212091370823443,-0.061625556382072,-0.313226019194871,-0.0494891636677313,-0.0935069988306112,-0.0320995675878235,0.114978165028676,0.249819823882805,0.413784845440514,-0.0547789745467138,-0.53786565532169
"199",0.244677331333841,0.300259084951441,-0.061625556382072,-0.144263706028291,-0.0784040614016484,-0.0492559040673519,0.133584883618113,0.193825898861893,0.537046425728944,0.5055857438152,-0.0547789745467138,-0.100377632215654
"200",-0.117119490620608,-0.0508169804932981,-0.22460723807196,-0.635033996335505,-0.0784040614016484,0.0571805002142157,0.111722035179418,0.106882437542437,0.298554601476207,0.355329701414614,-0.0547789745467138,0.019836283768074
"201",0.303768802185824,0.323923781562136,-0.0518675255801087,-0.194425799767741,-0.0784040614016484,0.0337065937855808,0.0563106266127773,0.0267602150612321,0.491946121511788,0.536825163998024,-0.0547789745467138,0.0448778880346906
"202",0.067694946184615,0.36554477599998,-0.061625556382072,-0.657507858183232,-0.0784040614016484,-0.180287554155264,0.056430823756382,-0.792716696192008,0.381265078309726,0.475140700664919,-0.0547789745467138,-0.539469428874808
"203",-0.282716930198256,-0.327289827799019,0.00820281209960372,-0.559043074912603,-0.0784040614016484,-0.60806663990398,-0.194371147457147,-0.0173807207356578,0.0577669849737192,0.345320968811943,-0.0547789745467138,0.342716106537393
"204",-0.0696439436078367,-0.0954091901238658,-0.061625556382072,-0.981532251520844,0.265282228256838,0.0543830707353875,-0.265990598617522,0.0159613151022377,0.374161969889064,0.473312306463155,-0.0547789745467138,0.0680365163874413
"205",-0.472356119774715,0.108504925393425,-0.061625556382072,-0.918480669213788,-0.0784040614016484,-0.227685766300271,0.0111112732191111,-0.110929947190981,0.00229542593977328,-0.254159155100562,-0.0547789745467138,-0.0106598154693609
"206",0.020759777542579,-0.0831297695159026,-0.061625556382072,-0.310433690350062,-0.391173072580033,-0.287909077632294,-0.0769735379717742,-0.150969466649948,0.36678180361314,0.324178514685221,-0.0547789745467138,-0.0908678613519074
"207",-0.516922166645313,-0.568958995056414,-0.0882707854176994,-0.372814704763151,-0.0784040614016484,-0.611884493837774,0.0860250742491454,-0.0252778339354092,0.377648755776176,0.478179933148628,-0.0547789745467138,-0.13559037802397
"208",0.0979469121140589,0.119064742530249,-0.341429881218135,-0.726252851986658,-0.354160598253614,-0.732976630546614,0.0907298359668001,0.137406425409634,0.35586560508626,0.428189794316776,-0.0547789745467138,0.0327809814063318
"209",0.27954350095797,0.255112376721622,-0.061625556382072,-0.200764934000813,-0.0784040614016484,-0.51617901063843,0.118671193239562,0.266060181609134,0.228716760165545,0.193638345164534,-0.0547789745467138,-0.0682427271376385
"210",0.198605760343171,0.262786895998702,-0.521492942604645,-1.53212972800111,-0.0784040614016484,0.164947950779471,0.0822366812340038,0.22890535849316,0.25288335067819,0.0357552707349665,-0.0547789745467138,0.119716934912975
"211",0.0572883954402158,0.269041368003699,-0.061625556382072,-0.394595018084046,-0.0784040614016484,-2.70678741612662,-0.192359638695765,0.00585123238881913,0.338940611303591,0.257838101824947,-0.0547789745467138,-0.287406682306506
"212",0.287816610662383,0.345127264018966,-0.061625556382072,-0.136266992111127,-0.0784040614016484,-0.10756492087505,0.131398217279034,0.20154209342928,0.44252002120621,0.415933136655939,-0.0547789745467138,-0.338181982024806
"213",0.124952539643982,0.151151461266498,-0.061625556382072,-0.783466723502337,-0.0784040614016484,-0.176525510089946,-0.0602429902908637,-0.0877539760730706,0.0771963337346573,0.00969438932334044,-0.0547789745467138,0.0620208380059249
"214",0.112763365947817,-0.108778504119018,-0.061625556382072,-0.335718886563582,-1.1663627981628,-0.461842477501245,-0.0445348992941801,0.075225010968099,0.318761360646647,0.414782372897401,-0.0547789745467138,-0.0792597963851167
"215",-0.367651415096173,-0.580109942117905,-0.061625556382072,-0.371636721336182,-0.0784040614016484,-0.24354243446714,-0.137635756454705,-0.0257699570878067,0.131876865485712,0.0814396440562452,-0.0547789745467138,-0.122949811500255
"216",0.125498742143593,0.107711784582413,-0.061625556382072,-1.03604495768661,-0.0784040614016484,-0.806761628265788,0.0172603479742884,0.0455236864372308,0.226070468247027,0.419243525776619,-0.0547789745467138,-0.310402276712257
"217",0.363765213748996,0.383204973438933,-0.061625556382072,-0.180750200404034,-0.0784040614016484,-0.154930277320764,-0.0719436478048381,0.119202222885222,0.390332427311371,0.522164526381367,-0.0547789745467138,-0.703209744486003
"218",-0.0719607764083869,-0.0248194762491745,-0.193422025210526,-0.396209366984448,-0.0784040614016484,0.0668249841600398,0.117471775687902,0.306381735503095,0.212317561771719,0.39168871050647,-0.0547789745467138,0.0184627391389728
"219",0.100332559387391,0.116835260021138,-0.061625556382072,-0.309621378667954,-0.0784040614016484,0.1185026587462,0.18339797576423,0.131339025636252,0.36129823892206,0.387880946875024,-0.0547789745467138,0.142222634868491
"220",0.229469435040724,0.171751779292034,-0.061625556382072,-0.844835654783917,-0.0784040614016484,-0.0885948196813093,0.00886752096929,0.026387587354444,0.320984936840379,0.151699295740998,-0.0547789745467138,-0.57418286333738
"221",-0.258418919786758,-0.680721283148773,-0.523777809053264,-0.556390795236307,-0.0784040614016484,-0.00220715958888507,0.0874746989084993,0.22371479537162,0.250828460458631,0.374560228377056,-0.0547789745467138,0.0249410417472381
"222",0.232849940468472,0.429991254998601,-0.061625556382072,-0.544155778626428,-0.0784040614016484,-1.20708980905497,0.0934441316524135,0.128780274392548,0.223316785998339,0.135417094063083,-0.0547789745467138,-0.269475483640758
"223",0.0820787824890336,0.131267165106187,-0.061625556382072,-0.510871709350411,-0.0784040614016484,-0.795852902472391,0.134732011438933,0.045641915118809,-0.0372997922214051,0.0198994243373167,-0.0547789745467138,-0.0387623236036567
"224",-0.395853455961177,0.322707639543765,-0.061625556382072,-2.72820374768452,-0.0784040614016484,-0.264318966078385,0.0541652966031907,-0.0330745007796953,-0.309154245288227,0.174516892580721,-0.0547789745467138,-0.0816096659336247
"225",-0.523911649548333,-0.75129632680232,-0.061625556382072,-0.318397939645029,-0.0784040614016484,0.0671013851749799,-0.189871548316836,0.06052151646772,0.238052022880567,0.0979940110285906,-0.0547789745467138,0.082365756039497
"226",0.0264371405641802,-0.0137552029020562,-0.061625556382072,-0.173463341593573,-0.0784040614016484,-0.073671706756923,0.0926901036054369,0.176532865120112,0.126538172667097,0.0602747297985206,-0.0547789745467138,-0.702407283260405
"227",-0.0676725696759306,0.0217946522802416,-0.061625556382072,-2.25954203970178,-0.0784040614016484,-1.31438134377237,0.0222495888964598,0.176067738924034,0.191698119458531,0.249060314597521,-0.0547789745467138,-0.10756544094777
"228",-0.206930172400042,-0.110798925753974,-0.061625556382072,-0.211386164311745,-0.0784040614016484,-0.601969823949511,-0.0530348964665233,-0.0178337184125352,-0.0964585619695955,0.111197337738127,-0.0547789745467138,-0.113634536966526
"229",-0.26578927248044,-0.206237478740943,-0.216574324063439,-0.420086891002312,-0.0784040614016484,-1.28437030071457,0.0074384591356873,0.11537956355022,0.10316827162622,0.380338342205491,-0.0547789745467138,0.147084510460858
"230",0.138739972267903,0.163936495342623,-0.061625556382072,-0.765908602908684,-0.0784040614016484,-0.349651567995811,0.0244647077180392,-0.00845841777291234,0.0217152332560696,-0.060693660256659,-0.0547789745467138,0.0708922840003712
"231",-0.00280784365284537,0.0308798844715884,-0.061625556382072,-0.198683010485058,0.148267920690353,0.270559608699446,-0.0565526946610675,0.0285009228390216,0.150264261362458,0.225289740378203,-0.0547789745467138,0.111130127735951
"232",0.0881506380924694,0.330990504438131,-0.061625556382072,-0.613682667898921,-0.0784040614016484,-0.634530735013236,-0.000856921024825263,0.189367691899412,0.315996693058121,0.325032692964918,-0.0547789745467138,0.0174869735099973
"233",0.170561658657476,0.102023587471911,-0.061625556382072,-0.838525394231762,-0.0784040614016484,-0.321237676445648,-0.0555290761857705,-0.0399872735912425,-0.0891789108581609,-0.24969179420539,-0.0547789745467138,-0.120722985308472
"234",-0.645697412134961,-0.945701798746476,-0.061625556382072,-1.93028467732236,-0.0784040614016484,-0.0649884270802406,0.0385811749949001,0.0675354332830668,0.0932517686464021,0.440705872826414,-0.0547789745467138,0.0353657792223936
"235",-0.188896461970109,-0.0947417301942712,-0.236482525056599,-0.709050616410463,-0.0784040614016484,-0.0587157580045456,0.0295545729082524,0.0103982137114577,0.361650932290162,0.402512846046949,-0.0547789745467138,-0.061978754826203
"236",-0.548078563653238,-0.32821390082176,-0.061625556382072,-0.257735808464925,-0.0784040614016484,-0.855394180640928,0.147740098797399,-1.79268714477328,0.490475727573752,0.552046245517808,-0.0547789745467138,-0.498548558784111
"237",0.159505412087779,0.200548616195945,-0.061625556382072,-0.916586153231628,-0.0784040614016484,-0.739200790978939,0.0189750620808007,-0.1262009220817,0.279052446538387,0.453702676041637,-0.0547789745467138,0.00830458520081356
"238",0.100332559387391,0.116835260021138,-0.061625556382072,-0.309621378667954,-0.0784040614016484,0.1185026587462,0.18339797576423,0.131339025636252,0.36129823892206,0.387880946875024,-0.0547789745467138,0.142222634868491
"239",0.140002320041118,-0.0114742986751561,-0.061625556382072,-1.17725828826373,-0.0784040614016484,-0.0828205470917771,0.0219885103837772,0.027964711561193,0.263732533328586,0.39706631084664,-0.0547789745467138,0.070080499565748
"240",-0.121861315685343,-0.0464672745989501,-0.301924947633632,-0.587336084535141,-0.0784040614016484,-0.142235878907452,0.0142008356378442,-0.752798277482169,0.316628873718463,0.342784826655169,-0.0525687567970066,-0.162833873345865
"241",0.223412683498645,0.312432540848833,-0.061625556382072,-0.178191059341233,-0.0784040614016484,-0.152060039595055,-0.0173786534122602,-0.161223222527616,0.202696738589385,0.0352563937088357,-0.0547789745467138,0.148583255956213
"242",0.287816610662383,0.345127264018966,-0.061625556382072,-0.136266992111127,-0.0784040614016484,-0.10756492087505,0.131398217279034,0.20154209342928,0.44252002120621,0.415933136655939,-0.0547789745467138,-0.338181982024806
"243",0.0929051598007992,0.114098458027402,-0.061625556382072,-0.77948887817007,-0.0784040614016484,0.0407790839511225,-0.0638834894686504,-0.11251806224405,0.195772603334336,0.172669057981918,-0.0547789745467138,0.0310736917070475
"244",-0.718324847973754,-0.872864248532252,-0.061625556382072,-1.85759142206848,-0.0784040614016484,-0.12592506987425,0.059464372707417,0.0985930159956412,0.0820243679841672,0.423000648791353,-0.0547789745467138,0.0366506218251114
"245",0.208432943531731,0.120783368309674,-0.061625556382072,-1.00892393045986,-0.0784040614016484,-0.123177178063969,0.24165592537547,0.251289377886545,0.113954714295874,0.377517045580136,-0.0547789745467138,-1.54407729746957
"246",-0.0258318356890725,0.100340405682287,-0.061625556382072,-0.496524865946436,-0.0784040614016484,0.14578006041634,0.0608849886163311,0.187440557417541,0.242490616096384,0.324768804089781,-0.0547789745467138,0.118419824544484
"247",-0.575700744682712,-0.280362979422224,-0.107117671816809,-0.340409370173714,-0.0784040614016484,-0.13531098848248,-0.0403200853920638,0.158565302881154,0.0426433233594097,0.372773816855043,-0.0547789745467138,-0.114471893088111
"248",0.203426576636729,0.382858161087699,-0.061625556382072,-1.3584566065332,-0.150710247530219,-1.60077129090483,-0.101628047409709,0.0406965738207595,0.358260424624807,0.406009408610038,-0.0547789745467138,-0.244528271449393
"249",0.176200250636217,0.162344839846631,-0.061625556382072,-0.350474026808637,0.000788178446349153,0.169049061585943,-0.246719225441691,0.0516371073002543,0.293997488017944,0.249792673151382,-0.0547789745467138,-0.021642372616155
"250",0.0688608523657172,0.214148574823739,-0.061625556382072,-0.217836879892846,-0.0113591804806688,-0.0354730088317212,-0.320425036609781,0.0280730305490332,0.333822385442367,0.373455354522849,-0.0547789745467138,-0.301666591792946
"251",-0.383892709788665,-0.078147740969839,-0.061625556382072,-0.502827043089612,-0.0784040614016484,-0.108234682994032,0.0652798525860367,0.0897735523649615,0.170824936563071,0.411447522612088,-0.0547789745467138,0.0278090850139984
"252",-0.284087359172656,0.226393121847518,-0.061625556382072,-0.166835074733452,-0.495144154371192,-0.768290441962895,0.0387213487946647,-0.0300456912350597,0.276997841829402,0.29814812596411,-0.0547789745467138,-1.31524915050228
"253",0.0572883954402158,0.269041368003699,-0.061625556382072,-0.394595018084046,-0.0784040614016484,-2.70678741612662,-0.192359638695765,0.00585123238881913,0.338940611303591,0.257838101824947,-0.0547789745467138,-0.287406682306506
"254",0.116374112203838,0.126255821523068,-0.061625556382072,-0.934001554809207,-0.0784040614016484,-0.198847864132993,0.157661253159908,0.151659349466552,0.345427835784388,0.485696489061551,-0.0547789745467138,0.104901178905136
"255",0.0274693304620892,0.0161410942583213,-0.061625556382072,-0.207159361008748,-0.0784040614016484,-1.6669070604241,-0.268347217985785,-0.336470593164913,0.0892659279824271,0.121516049492704,-0.0547789745467138,0.0327754265899541
"256",0.2824819357211,0.32781511011847,-0.061625556382072,-0.55813584406071,-0.316721550497429,-0.724647330496299,0.0988160510940277,0.0800044027930948,0.283390304114463,0.228516414520442,-0.0547789745467138,0.155584769918382
"257",-0.0603890125150313,-0.0270251248766831,-0.17390068791379,-0.475554303735856,-0.0784040614016484,0.0333225289716904,0.0928173003096425,0.148489748392785,0.270650873777938,0.476261897944443,-0.0547789745467138,0.0368732962998921
"258",-0.039724029382185,-0.309578574513812,-0.061625556382072,-0.3516389963302,-0.0784040614016484,-0.232144107166723,-0.034728925109772,-0.0424344533640113,0.345517887905017,0.285139219842324,-0.0547789745467138,-0.462621588494409
"259",0.166689737980213,0.196667460697698,-0.061625556382072,-0.854533186665692,-0.0784040614016484,-0.404654385465021,0.0690163042702063,-0.0491260587342663,0.0594350116511364,0.10844317742436,-0.0547789745467138,0.0376884940382282
"260",0.179302091821897,0.291949000475029,-0.061625556382072,-0.166371370110178,-0.0784040614016484,-0.12994936408466,0.130839036293691,0.335824859977117,0.335164869928386,0.387718751051553,-0.0547789745467138,0.101962766560711
"261",0.0969596490806794,0.359274238960021,-1.51806615712076,-0.989349536438711,-0.0951001598085532,-0.188117921945763,-0.142732379300933,-0.507416938893294,0.469065323850107,0.504306170682944,-0.0547789745467138,0.00714566251387772
"262",0.252637433616637,0.273538934588818,-0.061625556382072,-0.141282233101996,-0.0784040614016484,-0.102976494198283,0.109565681472852,0.180752772088848,0.371313891594817,0.205067461268091,-0.0547789745467138,-0.0688582753001989
"263",-0.117119490620608,-0.0508169804932981,-0.22460723807196,-0.635033996335505,-0.0784040614016484,0.00618238854420761,0.0683859687736414,0.0736715577274955,0.298554601476207,0.355329701414614,-0.0547789745467138,0.0332393136744338
"264",0.123625138493612,0.0943131367158487,-0.061625556382072,-0.536643511567154,-0.0784040614016484,-0.448212581549041,-0.055708696135087,0.00432247552958098,-0.0437351747664685,-0.198699161278349,-0.0547789745467138,-0.141128011029417
"265",0.0946448580604738,0.0878951435703191,-0.128846332344197,-0.352286470729923,-0.673761018686352,-1.38904137203934,-0.133056250602878,0.0717833073624237,0.361123546778066,0.336433279050694,-0.0547789745467138,-0.080472253348312
"266",0.021388233064066,0.0877018452031195,-0.55571127290863,-0.461265930893266,-0.368552585257014,0.1665072423222,0.0503297258928349,0.239175944879899,0.240722387732652,0.315742363443725,-0.0547789745467138,0.0621013403679505
"267",0.289357256066426,0.330583588752132,-0.061625556382072,-0.576201588961875,-0.314617477339167,-0.742895642155249,0.0988160510940277,0.0800044027930948,0.284979805326479,0.231926764473937,-0.0547789745467138,0.154215141551532
"268",0.186289780097659,0.20826095852528,-0.061625556382072,-0.126967160319713,-0.100481362914887,-0.0114958292823153,-0.172606426589805,0.004415188126626,0.195934802109899,0.273290050747343,-0.0547789745467138,0.0706031818803852
"269",0.164441773930401,0.171149670689479,-0.061625556382072,-0.776619992040792,-0.0784040614016484,-0.432399585958743,0.0997321662615513,-0.0404898203770871,-0.00418869369700547,0.202299791293512,-0.0547789745467138,0.114938905284454
"270",-0.132464093933386,0.0295568448564933,-0.564871031096382,-0.673863949341748,-0.0784040614016484,-0.0157428934346624,-0.0484962524418544,0.0146348937458476,0.246020989758787,0.192016438151771,-0.0499924909619014,-0.194781214570997
"271",0.0625093605606835,0.0535720401927871,-0.061625556382072,-1.03278510912165,-0.0444293631787716,-0.136536403251648,0.114623783499527,-0.114015336624145,0.432215494000344,0.476691931852753,-0.0547789745467138,0.0119228900612137
"272",0.0927530798188609,0.292683820381823,-0.0711806697418946,-1.87198019416789,-0.00936413348899867,-0.138404899740478,-0.119935706712104,0.195875514185907,0.281385732898831,0.39271389324586,-0.0547789745467138,-0.0443504675672588
"273",0.241044620716185,0.230451435601512,-0.061625556382072,-0.232011097235294,0.243384960788654,0.132449429222244,-0.160166374734883,-0.0234550025505447,0.0459614646652172,0.0672373405020107,-0.0547789745467138,0.0147494788180088
"274",-0.214007464705098,-0.193116651323699,-0.061625556382072,-0.544077030055971,-0.0784040614016484,0.0486195705113108,-0.0426956929393152,0.0839947229844353,0.168444675337531,0.124731444232952,-0.0547789745467138,0.0788959710200974
"275",0.0988772921915798,0.0195194280091999,-0.061625556382072,-0.41360887483668,-0.0784040614016484,0.0682912771904436,-0.13062379205555,0.0445315674464747,0.30393051666067,0.299727918978952,-0.0547789745467138,-0.0300493557570662
"276",0.074729227505749,-0.18539705789998,-0.061625556382072,-1.90146539763755,-0.0784040614016484,-0.108238903866213,-0.042918632402086,0.0892444183738881,0.019131582765628,0.114903355446075,-0.0547789745467138,0.0932640941918923
"277",0.184476693626358,0.327291980892845,-2.04843776669753,-1.30671032811925,-0.257042277288461,-0.807560705232325,0.0777726847172499,0.0151131111571267,0.261412886883385,0.233263402820048,-0.0547789745467138,0.171953581466714
"278",-0.371075555766227,-0.092986239975051,-0.061625556382072,-0.439399275210608,-0.0784040614016484,-0.339384146231396,0.0721173549991667,0.0936397615487652,0.191632816088334,0.369290146675017,-0.0547789745467138,0.0318503518236615
"279",0.13536210559588,0.125166600661074,-0.061625556382072,-0.217872552424556,-0.0784040614016484,0.102497431159964,0.124197482722924,0.159561245554351,0.294910595022319,0.369384276139792,-0.0547789745467138,0.0403652014473749
"280",0.0734702904974509,0.190046737371358,-0.061625556382072,-0.397225245706228,-0.0195292150089086,-0.0789778751433492,-0.129023689559572,0.101065899790087,0.269768596612603,0.237941530256733,-0.0547789745467138,-0.0148527041216959
"281",-0.03655646747754,0.270583796372298,-0.061625556382072,-0.731702615685339,-0.0784040614016484,-0.127348705277813,0.00362211739523821,0.109531546349793,0.249145934833003,0.392860132633934,-0.0547789745467138,-0.00230294953356625
"282",0.115006163577652,0.103857937461505,-0.061625556382072,-0.631348482725047,-0.149334422197346,-0.316903588988605,0.020200514312843,0.0104589034352651,-0.0220116725525417,-0.135062445486227,-0.0547789745467138,-0.0172012875486693
"283",0.227316231792753,0.100692132061007,-0.061625556382072,-1.10623146159946,-0.0784040614016484,0.0212853771339143,0.233821756448825,0.245309857997436,0.144926595623388,0.380169703524994,-0.0547789745467138,-2.03392019888224
"284",-0.575700744682712,-0.280362979422224,-0.107117671816809,-0.340409370173714,-0.0784040614016484,-0.13531098848248,-0.0403200853920638,0.158565302881154,0.0355799645681371,0.368744057517112,-0.0547789745467138,-0.114471893088111
"285",0.133225644533785,0.170683194147473,-0.061625556382072,-1.01634191114606,-0.0784040614016484,-1.16016923571455,0.00612107486832225,-0.0867529706542476,0.0531918133984933,0.355685472134269,-0.0547789745467138,-0.394319027086492
"286",-0.336895748685067,-0.475248476925328,-0.061625556382072,-0.243303073267584,-0.0784040614016484,-0.933928992011783,0.1303984250853,-1.02175507408261,0.512192191034943,0.515269935443932,-0.0547789745467138,-0.477646291168993
"287",0.303768802185824,0.323923781562136,-0.0518675255801087,-0.194425799767741,-0.0784040614016484,0.0337065937855808,0.0563106266127773,0.0267602150612321,0.491946121511788,0.536825163998024,-0.0547789745467138,0.0448778880346906
"288",0.184476693626358,0.327291980892845,-2.04843776669753,-1.30671032811925,-0.257042277288461,-0.807560705232325,0.0777765348229484,0.00763414593917555,0.261412886883385,0.233263402820048,-0.0547789745467138,0.171953581466714
"289",0.127275699280044,0.11234387389714,-0.061625556382072,-1.09093699122077,-0.0784040614016484,-0.806761628265788,-0.00170349720084051,-0.000128992613849688,0.226070468247027,0.419243525776619,-0.0547789745467138,-0.310402276712257
"290",-0.300325376802089,0.23020647885075,-0.061625556382072,-0.183900781183541,-0.564768692189071,-0.749471847360273,0.0387213487946647,-0.0300456912350597,0.250726588501714,0.232138435584804,-0.0547789745467138,-1.36832425533007
"291",-0.0711282389128078,-0.0583399658211952,-0.061625556382072,-0.412343670255515,-0.0784040614016484,-0.173784537095899,-0.0302264412896645,0.17202642970588,0.338232080963717,0.432912871030072,-0.0547789745467138,-0.349816716613409
"292",0.268795624220815,0.288926719711754,-0.061625556382072,-0.271093165599615,-0.0153875433194919,-0.729454609284683,0.185728118348525,0.120087989175102,0.282559096445761,0.180792387934666,-0.0547789745467138,0.142510477881559
"293",-0.0525409061341173,-0.306715157930105,-0.061625556382072,-0.269507824539803,-0.0784040614016484,-0.858517571865846,-1.79056073235315,0.102040783508243,0.371989955884455,0.546249542384068,-0.0547789745467138,-0.582872734623413
"294",0.176734240455094,0.252172200031756,-0.061625556382072,-0.289867308061472,-0.254386450334292,-0.157292624476348,-0.0979103332035911,0.120257714623264,0.279226189625987,0.407228563974616,-0.0547789745467138,-0.036801654856216
"295",0.239238974391943,0.188912042464951,-0.061625556382072,-0.0833047327056189,0.231921255645399,0.150534696478722,0.0509089312942907,-0.14027168091945,0.0496032550596476,0.077326328467611,-0.0547789745467138,0.033633683108968
"296",-0.085449164114743,0.118316963968143,-0.061625556382072,-0.655720711346347,-0.0784040614016484,0.0191206987878459,0.23255582613532,0.253981889711525,0.0417560988971227,0.221684211610163,-0.0547789745467138,-0.00462806257667259
"297",-0.0650011266987316,0.0961793597503641,-0.061625556382072,-0.789572215301434,-0.0784040614016484,-0.096266319233931,-0.0366544007896412,0.01685923028806,0.242598397428186,0.398058271613396,-0.0547789745467138,-0.0070271528783854
"298",0.158373351930783,0.158117049698588,-0.061625556382072,-1.06259194976377,-0.0784040614016484,-0.404166957413202,-0.0152029633103188,0.00210953525356417,0.12518163115751,0.171119867657272,-0.0547789745467138,0.184283912011191
"299",0.205948518712775,0.155411573873546,-0.061625556382072,-0.240511459110456,-0.512138401982234,-0.395323476189005,0.0912369311928327,0.253854347542755,0.143282724775233,-0.244767163881544,-0.0547789745467138,-0.123423623085691
"300",0.160344386280383,0.130044765347586,-0.061625556382072,-1.18798820563964,-0.0784040614016484,-0.546561736043064,0.314772556248479,0.151951736822161,0.426692032551936,0.506614380270328,-0.0547789745467138,-0.783753475876156
