"","LMA_g.m2",".LMA_g.m2","d13C",".d13C","d15N",".d15N","C_pct",".C_pct","N_pct",".N_pct","P_pct",".P_pct"
"1",52.5107757534692,51.5198925189526,1.00526848580025,1.14002306979038,1.4209674331856,1.6512565935245,1.43512047684857,1.44169818937208,0.286284015148969,0.228006972000782,0.0209903193233076,0.0259170377329147
"2",58.7849187122164,60.0874845265965,0.909441535527278,1.03153846842167,1.4209674331856,1.40625436825527,1.59954170592087,1.62382529586803,0.359501264107192,0.35154124228395,0.0209903193233076,0.0228604066947575
"3",44.971683395054,47.8184485728056,1.0023852049262,1.34580826654128,1.4209674331856,1.83450011169799,1.59167378408433,1.61240945074795,0.328632872744894,0.358820597661048,0.0209903193233076,0.0187472369502399
"4",56.4231356765353,60.3092200799613,0.935313684073854,1.51672318553963,1.4209674331856,1.35825353701066,1.68007338578501,1.53727286051859,0.369103821014272,0.359096622670439,0.0209903193233076,0.0195676303671151
"5",52.3199157259132,53.0020779484384,1.27975643833387,1.07611961012084,1.4209674331856,1.36348611490007,1.53975404934376,1.45755569567651,0.305464560392999,0.261543455433181,0.0209903193233076,0.0209639027927603
"6",51.2205842942305,44.510809811322,0.935313684073854,1.12679432297028,1.4209674331856,1.73795072848651,1.63266891760238,1.4358370719686,0.309949508371988,0.312843199395959,0.0209903193233076,0.0204149348965721
"7",58.9349320731644,51.5571224636174,1.00808460319988,1.18884726314091,1.4209674331856,1.42047874738487,1.57162687518212,1.59146347510717,0.313355663021626,0.306146674319958,0.0209903193233076,0.0229027380409913
"8",60.3797263802061,59.0974475229317,0.935313684073854,1.07824473587548,1.4209674331856,1.58610606347546,1.82486770101126,1.61425635869065,0.302181900318161,0.286696350983633,0.0209903193233076,0.0257111254149102
"9",59.4638007956264,59.13230075084,1.1674581845738,1.13659155424917,1.4209674331856,1.41993313276134,1.56283138580853,1.42502673804521,0.312147999652828,0.323102470828502,0.0209903193233076,0.0205143318985998
"10",45.7772343688844,49.7780809566781,0.935313684073854,0.958197212741318,1.4209674331856,1.52132013472244,1.46271699581408,1.40608420973405,0.294450878593925,0.284667351111781,0.0209903193233076,0.0228522972371862
"11",51.0345208594328,50.4336022455315,1.0513700327035,1.19267965361826,1.59231304724296,1.8013152270868,1.52649159005759,1.48679487352328,0.303270347314438,0.285737772557251,0.0209903193233076,0.0201002161268082
"12",50.9820035222655,51.1612841508154,0.970374851382466,1.05534894065667,2.08072957292779,2.15984521077346,1.64005374639169,1.51656921323567,0.291995213271971,0.306839364156909,0.0209903193233076,0.0207843876265155
"13",45.0800476890097,43.6091574738157,0.935313684073854,0.968723760343551,1.4209674331856,1.38355670084519,1.47191415052776,1.48598777785456,0.31747896492433,0.289466247674606,0.0209903193233076,0.0181287830528788
"14",51.0345208594328,50.4336022455315,1.05865841027985,1.19925545157523,1.59231304724296,1.8013152270868,1.52704517266059,1.48673998965455,0.304747172270438,0.285476622109947,0.0209903193233076,0.0200424242511174
"15",47.4501016532863,45.0339791461785,0.935313684073854,0.9957503090135,1.4209674331856,1.52907866894475,1.58496197059794,1.76235044522205,0.349322050230543,0.36512000346862,0.0209903193233076,0.0187836884767592
"16",51.0624408998962,43.0114502032828,1.44047317146092,1.28034542656034,1.43192505543381,1.49149959796029,1.71127660148394,1.96546195254285,0.27533552466213,0.266040931638901,0.0209903193233076,0.0203648437424907
"17",52.8974586076161,55.5552122572523,0.935313684073854,1.13829650494914,1.4209674331856,1.78546494511165,1.80055313879971,1.73732878088362,0.351653939320992,0.397548032993813,0.0209903193233076,0.0226331803466125
"18",55.4021440736522,50.8981941416541,0.935313684073854,1.21953724592354,1.4209674331856,1.37994314428232,1.68157862693456,1.60019247058858,0.329189227280342,0.295286536881649,0.0209903193233076,0.0205793152244949
"19",50.4068977672426,49.188194144513,0.935313684073854,1.46984617756347,1.17237056891077,1.22078227852998,1.57458235707162,1.6306697051436,0.301955532227554,0.370184865772028,0.0209903193233076,0.0214976216833848
"20",47.8070393092712,50.3843825077376,0.935313684073854,1.28576618727033,1.4209674331856,1.45016527785861,1.39405880703539,1.38517595108452,0.354886752733676,0.297562113752128,0.0209903193233076,0.0323793339203965
"21",51.6325240422843,49.9193075776987,0.935313684073854,1.10274576280596,1.4209674331856,1.82357210440497,1.99886391933991,2.04128761488655,0.361533281515238,0.364680137763147,0.0209903193233076,0.0228618127039653
"22",51.9074998907656,49.8947383736762,0.935313684073854,1.08212608846365,1.58154014873312,1.25679685308662,1.60888706193408,1.43105172073223,0.324042407466285,0.307864814500669,0.0209903193233076,0.0197149242849128
"23",49.8426907620148,47.7828297149689,0.935313684073854,1.03025321224062,1.61964508209577,1.52530868129325,1.61627956964746,1.49017159252883,0.346534071134074,0.29177375297509,0.0209903193233076,0.0206424053222873
"24",51.3108893582841,43.9505317549872,0.935313684073854,1.15313637832922,1.4209674331856,1.74940318465231,1.60152581679592,1.44131829726832,0.312514954734745,0.310443858443873,0.0209903193233076,0.0202585086862267
"25",47.4501016532863,45.0339791461785,0.935313684073854,0.9957503090135,1.4209674331856,1.52907866894475,1.58496197059794,1.76235044522205,0.349322050230543,0.36512000346862,0.0209903193233076,0.0187836884767592
"26",47.556567558331,51.8017195219926,0.935313684073854,0.942438064511254,1.4209674331856,1.46979742916268,1.7113885477735,1.41123900281474,0.295166264211552,0.289434317430494,0.0209903193233076,0.0199049087906884
"27",48.1028824477244,46.1364862986592,1.12147903559743,1.44262746705151,1.4209674331856,1.24904162825906,1.53291415772804,1.40811990245462,0.326803588100537,0.370226929227242,0.0209903193233076,0.0191587757809131
"28",51.9074998907656,49.8947383736762,0.935313684073854,1.08212608846365,1.4209674331856,1.25212110956952,1.62323860952013,1.44572923854863,0.324042407466285,0.307864814500669,0.0209903193233076,0.0196655252320312
"29",45.516033946422,44.0547119340719,0.935313684073854,1.13311572130823,1.57014709116535,1.79698113323006,1.51968882361045,1.53546817722524,0.319877021658723,0.331898315953132,0.0209903193233076,0.0187808974925489
"30",50.5262236220611,50.7462513629972,0.935313684073854,1.1549039517816,1.5137988032599,1.45656966738393,1.57676990845233,1.58737938797069,0.384072794616118,0.402959144031942,0.0209903193233076,0.0225205722716781
"31",48.7168448068887,45.8738038029898,0.935313684073854,0.960092399533473,1.67173817144133,1.34525686004444,1.68309557568366,1.73572387717894,0.340617066218752,0.320619596518923,0.0209903193233076,0.0201842101437892
"32",52.1526703907862,52.519360039192,0.935313684073854,1.31607934044527,1.39788173259719,1.45783999032674,1.44687664055766,1.69508846635752,0.301429182499017,0.267236282676896,0.0209903193233076,0.0289729431573679
"33",61.4629671200974,49.7087051281666,0.935313684073854,1.11327690187525,1.4209674331856,1.73733055811657,1.91204227887828,1.61855242605191,0.386828186040462,0.507962201269292,0.0209903193233076,0.0217835167930967
"34",50.4609050853415,49.5572695300798,0.935313684073854,1.49075479765175,1.25590535748854,1.24600899335152,1.58135470061136,1.63606299320717,0.319183223370098,0.38387561913653,0.0209903193233076,0.0215307961786905
"35",47.4717935044545,49.6897079476801,0.935313684073854,1.08324593338715,1.4209674331856,1.69687918351698,1.5192552248092,1.3060078614996,0.329024769230533,0.43062048453403,0.0209903193233076,0.0320052954617699
"36",62.1293434277868,65.265035779585,0.935313684073854,1.01218549532767,1.4209674331856,1.90288976054363,1.49282226695497,2.27620942072531,0.26391621731394,0.263082331589474,0.0209903193233076,0.0248441165201747
"37",47.0555036460417,46.9767910634599,1.31684268942355,0.988335840491743,1.4209674331856,1.54247661891483,1.61102445720477,1.79774966396047,0.342623976813112,0.348537618812808,0.0209903193233076,0.0188504802212436
"38",54.4234512993769,50.966768786407,0.935313684073854,1.11048724508865,1.4209674331856,1.26467292069977,1.55134123716743,1.44303051950547,0.328878673656462,0.310504538919857,0.0209903193233076,0.0191897457687687
"39",50.498666109203,65.0368474812121,0.931106687743326,1.09970735875499,1.4209674331856,1.64277149448732,1.57254969470841,1.66320763652844,0.318260290024403,0.313802026156072,0.0209903193233076,0.022704591057663
"40",52.9721579098833,52.3753064218227,1.59667060456153,1.68358374641511,1.4209674331856,1.35776319818367,1.51702140892513,1.41579240395287,0.292447255902297,0.245426887310016,0.0209903193233076,0.0213770411136038
"41",47.8389584603813,47.9095779338947,0.935313684073854,0.970949084473834,1.4209674331856,1.40036175428186,1.56107153769726,1.67406861476075,0.329804096645691,0.353178409575843,0.0209903193233076,0.0195039765061078
"42",49.4328331045322,46.2826409155568,0.935313684073854,1.32766058475389,1.4209674331856,1.40919629241826,1.68880479534793,1.63424471902343,0.328094396998758,0.295794457532722,0.0209903193233076,0.0196436043519432
"43",54.7071985323093,45.891863835561,0.935313684073854,1.19456080920492,1.4209674331856,1.45285576939937,1.59793822150081,1.51062690285983,0.327430756806085,0.2944327256811,0.0209903193233076,0.0204615164720998
"44",48.3211994456902,42.1393239089715,0.935313684073854,1.10039651406669,1.4209674331856,2.22615511462865,1.52726293829361,1.4512219804614,0.309055152631798,0.31048366237525,0.0209903193233076,0.0250954367360847
"45",64.5125041599954,59.4607026143281,0.935313684073854,1.01334740420557,1.4209674331856,1.52819438834877,1.62352015102019,1.53807479217732,0.423689030052163,0.363942733875432,0.0209903193233076,0.0248319328018446
"46",56.8869315348108,52.7547956846156,1.09329526951476,1.31329888468427,1.4209674331856,1.37982500656276,1.71105722131538,1.60853028468695,0.353355179692093,0.331290235184313,0.0209435097530821,0.021057690617122
"47",63.4583606570689,53.8350747667613,0.935313684073854,1.12814163334221,1.4209674331856,1.64832357380898,1.90982229491864,1.61215490816364,0.352724369378255,0.362113513775253,0.0209903193233076,0.0214655984805567
"48",49.4597588719505,45.1182174276209,0.935313684073854,1.3111894740747,1.4209674331856,1.58935258451408,1.60719367823227,1.68570751698281,0.321223500108966,0.301792217331285,0.0209903193233076,0.0196354348290673
"49",55.1273967646029,61.4240512944177,0.935313684073854,1.02145933383974,1.4209674331856,1.8780247429525,2.67574079879863,1.51627755891719,0.298657446371804,0.25625722668089,0.0209903193233076,0.0257181317431062
"50",50.9186073533402,49.746935172844,0.935313684073854,1.03914068022042,1.81268974949798,1.95126295350616,1.69870030673873,1.97714839674889,0.366222863614028,0.354513872569282,0.0209903193233076,0.018888855279528
"51",49.6484457286011,47.8336319523071,0.935313684073854,1.2002864598241,1.4209674331856,1.6367631719935,1.54770155621197,1.62287975347823,0.376721948808516,0.354368829044501,0.0209903193233076,0.0209528829867971
"52",50.470178722395,65.2567159258575,0.939390556872891,1.1091748674625,1.4209674331856,1.6417539988599,1.60152581679592,1.65863640453855,0.318654104645704,0.314848406082108,0.0209903193233076,0.0228030128068202
"53",44.971683395054,47.8184485728056,1.0023852049262,1.34580826654128,1.4209674331856,1.83450011169799,1.59167378408433,1.61240945074795,0.333744437772622,0.361696218455792,0.0209903193233076,0.0186879527939973
"54",51.6325240422843,49.9193075776987,0.935313684073854,1.10471948339261,1.4209674331856,1.82357210440497,1.99886391933991,2.04128761488655,0.361533281515238,0.364680137763147,0.0209903193233076,0.0228618127039653
"55",57.5628869639341,56.1123458236274,0.935313684073854,1.1491008628926,1.4209674331856,1.36315170800873,1.6585346419109,1.59148906545307,0.339436866349169,0.363888257363214,0.0209903193233076,0.0193209793453508
"56",58.7392849590227,63.2125692022263,0.935313684073854,0.999734538654327,1.4209674331856,1.3634435563434,1.65202394082323,1.59397000020397,0.326653603842398,0.359908853089932,0.0209903193233076,0.0238001404233242
"57",53.3648675081114,52.8256266860022,0.935313684073854,1.34592988251531,1.4209674331856,1.79537037569801,1.5602224191652,1.55936964273206,0.29340802231746,0.276779553834755,0.0209139180066988,0.0232604592005526
"58",50.5496457003071,50.8670350592886,0.935313684073854,1.15943118586107,1.46695426487877,1.57025562486747,1.58458868027119,1.59244654663854,0.382005513983191,0.402579430500642,0.0209903193233076,0.0206130266154631
"59",47.3827647826142,46.3363456276579,0.935313684073854,0.991306463735248,1.4209674331856,1.62330078727017,2.24916474302906,1.79116771020955,0.309309945888583,0.34749122331303,0.0209903193233076,0.0189009391912784
"60",66.3327324329588,71.1095305218177,0.935313684073854,1.0435999018807,1.4209674331856,1.32163213941308,1.74621608998266,1.55164142126462,0.329840791469506,0.358877651532617,0.0209903193233076,0.0195676283145435
"61",48.4548293236613,48.312163904793,0.935313684073854,1.01684474768,1.4209674331856,1.37267823421669,1.53768636310562,1.43895443304423,0.296049153948153,0.298400751164281,0.0209903193233076,0.0190241096434257
"62",65.2343235818857,63.4136223147487,1.03756025993702,1.09047431387778,1.4209674331856,1.78529502108572,1.66746152019054,1.46675864832306,0.371534676579886,0.278752064482286,0.0209903193233076,0.0210921140850763
"63",48.706540090508,51.1218309555678,0.935313684073854,1.24245414332665,1.4209674331856,1.57055177151907,2.74088592693474,2.10088104454752,0.398174120760838,0.432062775092252,0.0209903193233076,0.0209670921110948
"64",60.9367975446937,57.2021061878658,0.935313684073854,1.04086559104878,1.4209674331856,1.45534659861112,1.65540903770298,1.58802401327656,0.373214929195316,0.423519364742426,0.0209903193233076,0.0205925746585016
"65",49.4328331045322,46.2826409155568,0.935313684073854,1.32766058475389,1.4209674331856,1.40919629241826,1.68880479534793,1.63424471902343,0.328094396998758,0.295794457532722,0.0209903193233076,0.0196436043519432
"66",50.9283065939682,47.1833888806891,0.935313684073854,0.955689783257971,1.75391373253074,1.42523535918821,1.70169971937393,1.74151536557571,0.324558060407088,0.316084990881922,0.0209903193233076,0.0192943393175284
"67",61.1174468815112,67.1892354627865,0.935313684073854,1.04107021576778,1.4209674331856,1.45534659861112,1.66311667169298,1.55271508306095,0.359525906716355,0.393592218596932,0.0209903193233076,0.0205952482654926
"68",50.7499829954631,47.6964352051976,0.935313684073854,1.04025867318577,1.40178802780278,1.43088308798716,1.62633026351894,1.50599988389935,0.327283789810327,0.289314516023812,0.0209903193233076,0.0253453044543271
"69",50.8192522892544,47.8474742728402,0.935313684073854,1.35146833787038,1.35774901154696,1.37558059656049,1.74733819010993,2.13630603876632,0.324505738202102,0.269168681297173,0.0209903193233076,0.0197103614210978
"70",52.0714985099394,48.4062919702156,0.935313684073854,1.07147332575372,1.4209674331856,1.44736092154512,1.66337643326544,1.50882287574225,0.331354466039873,0.308050863555628,0.0209903193233076,0.0235215001301622
"71",59.1216200859357,56.8000291966104,0.935313684073854,0.999109090654623,1.4209674331856,1.47966904184991,1.63870206549131,1.59810751088226,0.409756341542396,0.359004505511945,0.0209903193233076,0.0262737874459725
"72",57.2080032107375,58.5555262067355,0.935313684073854,1.10887833805789,1.53333018367057,2.71600833033098,1.70667059108405,1.73646534016442,0.311459611844118,0.280380752457937,0.0209903193233076,0.0217840599668138
"73",50.9449136654517,50.9094173893431,0.935313684073854,1.10724909467563,1.4209674331856,1.47711971747844,1.85693929092394,2.02055458930702,0.338068712775369,0.350501367265587,0.0209903193233076,0.0204507337405757
"74",50.4068977672426,49.188194144513,0.935313684073854,1.46984617756347,1.17237056891077,1.22078227852998,1.57458235707162,1.6306697051436,0.301955532227554,0.370184865772028,0.0209903193233076,0.0214976216833848
"75",60.8899024553958,47.2615710496845,0.935313684073854,0.982060201813108,1.67315008858334,1.81957586166512,1.56954074439967,1.62471126046003,0.321300573356551,0.316566121697071,0.0209903193233076,0.0315572319178149
"76",51.4426086731581,50.530189626364,0.935313684073854,1.1036921215812,1.4209674331856,1.49945921356569,1.50818964725693,1.50473998359891,0.312542566472809,0.294882206221721,0.0209903193233076,0.0189216735886789
"77",69.8510363051742,63.3967755080258,0.935313684073854,1.04727576363381,1.4209674331856,1.84111281100412,1.71227708910033,1.49101238153932,0.283700719059408,0.259963596514891,0.0209903193233076,0.0223805473052952
"78",49.6336094513449,46.0700246228639,0.935313684073854,1.27294336380176,1.4209674331856,1.41976323925285,1.61499893165589,1.60198915332406,0.332962705230522,0.305902175094614,0.0209903193233076,0.0187214766963155
"79",49.9209011388855,49.3203764955292,0.935313684073854,1.4662371679081,1.28304301042547,1.28093346427561,1.57874305377647,1.58622990690826,0.318324871400361,0.380419171431301,0.0209903193233076,0.0215204480848831
"80",48.8642096570065,48.1137831270233,0.935313684073854,1.23106730360554,1.4209674331856,1.42741554262237,1.63203543002768,1.6325253161236,0.363444980171735,0.349333157737841,0.0209903193233076,0.0211012477590709
"81",52.8067714968164,54.0258729384375,0.935313684073854,0.988637896223288,1.4209674331856,1.41571472938329,1.50368982292999,1.48034631148378,0.339300920041862,0.412400682991451,0.0209903193233076,0.0280944224766397
"82",54.1222694289474,53.8048491148144,0.935313684073854,1.03774025579473,1.30591450514596,1.31092123005831,1.69085428026126,1.52339280238709,0.357150168731256,0.345019491680481,0.0209903193233076,0.0212662158163768
"83",42.8604472143071,42.2005804532322,0.935313684073854,0.986394449859024,1.4209674331856,1.47052106660568,1.65742514429197,1.50240164537952,0.295044994940135,0.261204646140348,0.0209903193233076,0.0266730316306445
"84",56.2195116107155,57.8663953239892,0.935313684073854,1.05062759239286,1.4209674331856,1.3584853893187,1.66609528382689,1.56312829646043,0.34456649484465,0.353913490478913,0.0209903193233076,0.0194550847794934
"85",50.4843165026433,48.9893569125684,0.935313684073854,1.0220535261986,1.17237056891077,1.22078227852998,1.57458235707162,1.6306697051436,0.301955532227554,0.370184865772028,0.0209903193233076,0.0214976216833848
"86",50.198013084016,50.625621789255,0.935313684073854,1.3126292538557,1.4209674331856,1.83926283933244,1.60220300001277,1.60094331186042,0.332424032271782,0.287964355495428,0.0209903193233076,0.023395947217015
"87",51.3108893582841,43.9505317549872,0.935313684073854,1.15313637832922,1.4209674331856,1.74940318465231,1.60152581679592,1.44131829726832,0.312514954734745,0.310443858443873,0.0209903193233076,0.0202585086862267
"88",54.9287677575583,54.5801872858197,0.935313684073854,1.61764844249145,1.4209674331856,1.72928943119018,1.59764933419824,1.48232779840333,0.394575587050116,0.324738461660936,0.0209903193233076,0.0206588566260504
"89",47.4534350139046,49.8893312896379,0.935313684073854,0.933534609195656,1.4209674331856,1.42033864559967,1.75654684582458,1.4112255089778,0.380200244462723,0.369151894982297,0.0209903193233076,0.0193544909246832
"90",50.4981662563034,49.335994277614,0.935313684073854,1.23264817264189,1.4209674331856,1.41123772076187,1.57218663362944,2.0035060417869,0.344199308192533,0.346850732499774,0.0209903193233076,0.0197679776009495
"91",54.2793489300514,51.4356884628925,0.922858220053053,1.0108140458666,1.36498198199401,1.47239019846674,1.51965839418778,1.55815079508654,0.301659427168288,0.259240677403162,0.0209903193233076,0.0200540476551782
"92",45.564917971198,44.5257320198691,0.935313684073854,1.10219509904388,1.56585500115021,1.79931771080952,1.45958288378498,1.53304057196711,0.32665766661302,0.331491292620555,0.0209903193233076,0.0189198391463188
"93",59.2371486467687,56.363631646844,0.935313684073854,0.981332994780877,1.4209674331856,1.6815511635278,1.78616823589774,1.61789202501463,0.362431534251221,0.356390008690762,0.0209903193233076,0.0218161403203033
"94",49.2623872200283,48.044538081237,0.935313684073854,1.25671204918949,1.4209674331856,1.80454713045971,1.58557930690976,1.69885332637687,0.320843717642908,0.279290549352813,0.0209903193233076,0.0203529547020804
"95",51.6637114901172,43.0025248511939,0.935313684073854,1.13838612537481,1.74679812143932,1.5617900668606,1.5446018566922,1.48696709226747,0.378684467387409,0.303274748193903,0.0209903193233076,0.0265606522960642
"96",51.883230818594,42.8004644497077,0.935313684073854,1.16869020457911,1.4209674331856,1.48657656100705,1.55501584335014,2.14340271851987,0.297230942056072,0.273755688199335,0.0209903193233076,0.0253585167712865
"97",46.8803762546719,47.8907037777994,0.935313684073854,1.12279686268657,1.4209674331856,1.37666931104061,1.55194110387137,1.56175548310798,0.324776521509751,0.348655264893327,0.0209903193233076,0.0257374632689142
"98",55.607665110227,51.0784773322056,1.15215779865701,1.09517316587675,1.60707041364764,1.24890268154894,1.58195423564789,1.42330898677758,0.329875408481788,0.317587694997763,0.0209903193233076,0.0192068505614141
"99",56.3760950240537,52.6141638103879,1.09085072851392,1.26015568567553,1.4209674331856,1.37549572858909,1.71066902286519,1.61621424369929,0.349774201950884,0.328224126756534,0.0209414060210598,0.0209924233786702
"100",43.7056685496948,49.6778063624209,0.935313684073854,1.11941867409834,1.4209674331856,1.41065413229069,1.56975218491189,1.6199476158783,0.320918230461532,0.385204106514788,0.0209903193233076,0.0254672604972484
"101",61.4525759453311,49.8993315796742,0.935313684073854,0.977613010728125,1.64907493983517,1.82480500881577,1.57457422382996,1.63342194604614,0.332363633089315,0.329281076496188,0.0209903193233076,0.0303757930569621
"102",51.0772014521935,46.7461232085841,0.935313684073854,0.976411628921687,1.4209674331856,1.7241881252143,1.48462894719836,1.34264383610155,0.351715550016879,0.295408175615807,0.0209903193233076,0.0193971022608866
"103",55.5582366745372,51.0277175829621,0.935313684073854,1.43844408738664,1.4209674331856,1.43827971324892,1.60827913298429,1.57255226962184,0.32150523084245,0.340628746382044,0.0209903193233076,0.0204376174892071
"104",65.307512795906,60.9180916854717,0.935313684073854,1.06408881468519,1.4209674331856,1.61083456140181,1.61055740525569,1.64154739449232,0.369804865872108,0.331317400742458,0.0209903193233076,0.0174579269277448
"105",69.5621478073757,65.6567132222576,0.938195784741238,1.06402040705605,1.4209674331856,1.50020482770153,1.54136680410874,1.6085899790387,0.301571416392588,0.279367430224156,0.0209903193233076,0.021338647829356
"106",59.7782522125567,58.4152518365493,0.935313684073854,1.30556520069189,1.4209674331856,1.29192492323987,1.56082700448781,1.4686935039317,0.362395553625928,0.350930027083545,0.0209903193233076,0.029207715497287
"107",54.2793489300514,51.3524809065899,0.925785123102313,1.03391274388249,1.36973437652537,1.47017411653975,1.51965839418778,1.55815079508654,0.299723115161742,0.25403005861483,0.0209903193233076,0.0200536860737935
"108",56.4231356765353,60.3092200799613,0.935313684073854,1.51672318553963,1.4209674331856,1.35825353701066,1.68007338578501,1.53727286051859,0.369103821014272,0.359096622670439,0.0209903193233076,0.0195676303671151
"109",47.0351796471811,49.5993384687167,0.935313684073854,1.05063210071558,1.4209674331856,1.63065001107739,1.55047413801492,1.37249817230305,0.334186888685445,0.421491127091339,0.0209903193233076,0.0321616661822412
"110",58.9349320731644,51.5571224636174,1.00808460319988,1.18884726314091,1.4209674331856,1.42047874738487,1.57162687518212,1.59146347510717,0.313355663021626,0.306146674319958,0.0209903193233076,0.0229027380409913
"111",54.7454669933002,61.7856041768227,0.935313684073854,1.07444908288232,1.4209674331856,1.3644326405919,1.62445906107069,1.654686864901,0.30727457718737,0.313912192421447,0.0209903193233076,0.0251188735041236
"112",51.9568797949946,45.5769570905851,0.935313684073854,1.08827212583469,1.4209674331856,2.5791724987016,1.70807935847546,1.59118660461269,0.311679477831571,0.323709995359242,0.0209903193233076,0.0231903494957335
"113",57.6520701249239,55.9840830229393,0.935313684073854,1.1274073815882,1.4209674331856,1.35174300295085,1.64506950518567,1.58889084770558,0.342453733243676,0.365947129966684,0.0209903193233076,0.0193905960759012
"114",45.2526367753936,46.3110846046408,0.935313684073854,0.995163269830115,1.4209674331856,1.39748207341464,1.50340344729538,1.58949956699821,0.32318283197904,0.327305328450889,0.0209903193233076,0.0267625551905787
"115",56.8599354998599,55.0506155727068,0.981892949998504,1.09703203057682,1.4209674331856,1.33373567040742,1.51608528338334,1.5072506042441,0.323884172110124,0.271712104417286,0.0209903193233076,0.0203775494370431
"116",46.671129971018,44.8926711913475,0.935313684073854,0.97713143401564,1.4209674331856,1.39918762113543,1.47445349476254,1.43882341447071,0.257608367498803,0.265968360296819,0.0209903193233076,0.0213850887456944
"117",50.9669910368162,50.4973809292211,0.935313684073854,1.03883000241293,1.4209674331856,1.28470634932742,1.44661569168689,1.49201469634405,0.301988747258248,0.295637589517097,0.0209903193233076,0.0189289099159096
"118",61.085209872701,60.1445808304176,1.01518469966137,1.09176590109827,1.4209674331856,2.03613338196326,1.62118064172371,1.51228982744634,0.343275202115829,0.287368728883394,0.0209903193233076,0.0217328465846763
"119",53.14292960037,52.4761625541676,0.935313684073854,1.03420284444809,1.23348107074473,1.20336100607215,1.86213461243606,1.94686920979343,0.348324198064544,0.332591662059435,0.0209903193233076,0.0194192500978165
"120",54.4234512993769,50.966768786407,0.935313684073854,1.11048724508865,1.4209674331856,1.26467292069977,1.55134123716743,1.44303051950547,0.328878673656462,0.310504538919857,0.0209903193233076,0.0191897457687687
"121",49.0580859771636,44.6617141768605,0.935313684073854,1.08699553672346,1.48462816588517,2.28614114803557,1.73199173990104,1.83760679596627,0.314580267340455,0.318247773534936,0.0209903193233076,0.0228949613862604
"122",51.0081954958996,53.2068427835113,0.935313684073854,1.07959944034282,1.4209674331856,1.32078901386905,1.70218596646127,1.56479019851537,0.315259368122308,0.316209642854221,0.0209903193233076,0.0206141804375698
"123",50.6266041459501,45.993038171603,0.935313684073854,1.33750948520689,1.4209674331856,1.47583011382234,1.76580012753128,1.58111608205238,0.321712090820484,0.298249373356972,0.0209903193233076,0.0189756755589976
"124",49.6336094513449,46.0700246228639,0.935313684073854,1.27294336380176,1.4209674331856,1.41976323925285,1.61499893165589,1.60198915332406,0.333071322957707,0.302375887989103,0.0209903193233076,0.0187214766963155
"125",51.130870498176,51.271508923721,0.955337479585667,1.05545305333242,2.05635598092132,2.15539350281725,1.64973429565436,1.51455440459585,0.294896783039666,0.30523563475308,0.0209903193233076,0.0207220151848643
"126",45.3068373990338,44.0672352636482,0.931136475861548,0.991588746585154,1.4209674331856,1.30976151090085,1.53151038441965,1.57460867604013,0.280676259569365,0.255210108225012,0.0209903193233076,0.0198667152369191
"127",56.5074810119258,58.0242105370771,0.935313684073854,1.08647952147302,1.4209674331856,1.34727630340439,1.62648056632683,1.52807061373945,0.34456649484465,0.353913490478913,0.0209903193233076,0.019585690696297
"128",52.9296036997124,53.8570998895486,0.935313684073854,0.99430066008028,1.4209674331856,1.40589741777686,1.52484524406875,1.45268375857099,0.34209404469273,0.362036781901144,0.0209903193233076,0.0276743214435064
"129",54.4234512993769,50.966768786407,0.935313684073854,1.11048724508865,1.4209674331856,1.26467292069977,1.55134123716743,1.44303051950547,0.328878673656462,0.310504538919857,0.0209903193233076,0.0191897457687687
"130",46.195106140224,40.3431285032196,0.935313684073854,1.13758039620728,1.4209674331856,2.1578308674127,1.58143009320751,1.52011649746312,0.315268752096378,0.338763448641711,0.0209903193233076,0.0228400813675929
"131",47.7603806202211,47.4117501732187,1.24726711845462,1.01874357552221,1.58791809850224,1.58923781321492,2.13073183513361,1.77430550851896,0.335017562227184,0.322513886388452,0.0209903193233076,0.0186065080688403
"132",50.7945669342125,50.1793178209022,1.34728196942271,1.26978495434433,1.4209674331856,1.50173034246166,1.436968113084,1.3899773049222,0.292204898996993,0.278008697066606,0.0209903193233076,0.01916920885421
"133",58.4993316397783,55.2759822231759,0.935313684073854,1.15467157261851,1.4209674331856,1.9675425329255,2.03868190114702,1.76814232423121,0.356474552260744,0.381117344803933,0.0209903193233076,0.0236908751015208
"134",55.4021440736522,50.8981941416541,0.935313684073854,1.22100651849624,1.4209674331856,1.37994314428232,1.68157862693456,1.60019247058858,0.329189227280342,0.295286536881649,0.0209903193233076,0.0205835733549873
"135",48.8016782774387,49.02278691548,0.935313684073854,0.912311202457098,1.4209674331856,1.45246485814811,1.46637078866537,1.30982479298481,0.395951715442994,0.390537741594731,0.0209903193233076,0.0194283082424434
"136",53.970972103095,53.4805962175303,0.935313684073854,1.03774025579473,1.30591450514596,1.31092123005831,1.69085428026126,1.52339280238709,0.357150168731256,0.345019491680481,0.0209903193233076,0.0212662158163768
"137",51.687129627617,58.5032395719683,0.935313684073854,1.5462521046832,1.4209674331856,1.44048938725025,1.63483210867667,1.52773794798822,0.374237306919088,0.35549790921981,0.0209903193233076,0.0194616079819576
"138",50.5496457003071,50.8670350592886,0.935313684073854,1.15943118586107,1.46695426487877,1.57025562486747,1.58458868027119,1.59244654663854,0.382005513983191,0.402579430500642,0.0209903193233076,0.0206130266154631
"139",43.2727690800191,41.3958412342579,0.935313684073854,0.982063719267367,1.2999906349538,1.47514405281841,1.4530690441461,1.53898907529881,0.3249245690296,0.26081687404476,0.0209903193233076,0.0222848939826406
"140",58.7306365892682,58.5734782539033,0.935313684073854,1.11248196956002,1.71246808496817,2.58553788937177,1.67984962250663,1.7720324787944,0.301305420486367,0.31536089364247,0.0209903193233076,0.0227877532308607
"141",49.9564569501854,50.5649448759456,0.935313684073854,0.996811240831866,1.4209674331856,1.31570398748965,1.49237591313707,1.46080616108201,0.327802328929119,0.312498708366508,0.0209903193233076,0.0194184582935921
"142",48.4329500870649,46.4918442620224,0.935313684073854,1.20050609157853,1.4209674331856,1.6331871348004,1.54567951607285,1.6230791365428,0.376721948808516,0.354368829044501,0.0209903193233076,0.0206241024700407
"143",54.7907232892334,61.4913140020438,0.935313684073854,1.0736724122334,1.4209674331856,1.51941012895859,1.63277462154602,1.63603383056777,0.300771202863348,0.318034206778401,0.0209903193233076,0.0248322991407658
"144",46.5940527157267,47.5567522482646,0.935313684073854,1.11622161047644,1.4209674331856,1.44804089110265,1.55924988725551,1.61944130030114,0.307727635123681,0.344259523853726,0.0209903193233076,0.0261731938734932
"145",57.6520701249239,55.9840830229393,0.935313684073854,1.1274073815882,1.4209674331856,1.35174300295085,1.64506950518567,1.58889084770558,0.342453733243676,0.365947129966684,0.0209903193233076,0.0193905960759012
"146",64.3359843286185,51.7202925332036,0.935313684073854,1.22660656682402,1.4209674331856,1.54703070009684,1.55211605296197,1.68224302793875,0.378153725698746,0.431079728634105,0.0209903193233076,0.021330993405787
"147",46.6963141711225,48.4216321579071,1.09634221842266,1.33313591918718,1.4209674331856,1.95735552057878,1.60414500493672,1.59710567038197,0.356681786903409,0.297864105227559,0.0209903193233076,0.0226473415132054
"148",49.2158113990007,44.4265072502863,0.935313684073854,1.32452421196366,1.4209674331856,1.48547955955747,1.68401007343439,1.65127683115877,0.328621412429615,0.296257534097298,0.0209903193233076,0.0196480762658867
"149",60.4545090095338,59.0152704994589,1.00124631143783,1.08175538344995,1.4209674331856,2.06812421550814,1.59487506189061,1.50565832470759,0.35784683954529,0.297453453804956,0.0209903193233076,0.0188751892267863
"150",53.7385338427045,52.3155876692853,0.935313684073854,1.24512231398078,1.41073626792592,1.55615411451289,1.63845850469207,1.53647684506882,0.272602612426199,0.262029297243698,0.0209903193233076,0.0209665975912707
"151",54.4109362722953,50.9691017129456,0.935313684073854,1.10926077603151,1.4209674331856,1.26230091749544,1.56495508518228,1.44238875281481,0.333092238854237,0.318911910110972,0.0209903193233076,0.0191897457687687
"152",61.3861389283735,48.0172404386744,0.935313684073854,0.985793322555901,1.4209674331856,1.6516979300024,1.68685057960937,1.74311251786462,0.342303236179365,0.33227714935849,0.0209903193233076,0.0237093464566375
"153",52.1658849479326,62.8005570400217,0.935313684073854,1.07498698009381,1.4209674331856,2.19226399147288,1.54556520187274,1.39936060613718,0.268229810687757,0.249225620350026,0.0209903193233076,0.0227982357039105
"154",50.6013565484283,45.5769372274637,0.935313684073854,0.974829314208176,1.4209674331856,1.4595482063195,1.5031184397029,1.30530293152468,0.29860143266346,0.29124944378542,0.0209903193233076,0.0198847760540989
"155",52.8429888239293,45.9753914362886,0.935313684073854,1.09995061377395,1.4209674331856,2.60777053523892,1.7040096120413,1.59125775165255,0.30170405288107,0.299721533614295,0.0209903193233076,0.0225961446146975
"156",48.6474042648304,48.2887401815993,0.935313684073854,0.981250702054208,1.4209674331856,1.34429629566832,1.51931195084342,1.41463611275754,0.347674953652014,0.307700501210323,0.0209903193233076,0.0190787792626635
"157",48.441830923603,48.2690671400282,0.935313684073854,1.01852959019873,1.4209674331856,1.38256249916056,1.49008065670928,1.47901394649537,0.295136902176882,0.299478300935883,0.0209903193233076,0.0191202180347685
"158",54.8602095013177,56.2510009298274,0.935313684073854,1.27199887625399,1.4209674331856,1.39418447718218,1.80977696103677,2.1136808443834,0.321487865259709,0.27827727319973,0.0209903193233076,0.0197740492592631
"159",49.5181623911625,50.8142536043451,0.935313684073854,1.27480054421301,1.4209674331856,1.36048291590047,1.41661378667343,1.39315774079408,0.348743795215377,0.31894576044187,0.0209903193233076,0.0316044219334506
"160",57.1658329746666,52.1383679391044,0.935313684073854,1.19495455666752,1.4209674331856,1.61041972540538,1.6246975563805,1.7235225270677,0.377926141879043,0.42153883056863,0.0209903193233076,0.0219127095741467
"161",51.1278439745024,51.3180773509084,0.964470656742704,1.05561598368553,1.77027237261487,2.11497482619915,1.70401605009604,1.54231340311903,0.302030043100965,0.307810905397993,0.0209903193233076,0.0212444319325685
"162",58.1439124601085,63.0197972492504,0.935313684073854,1.02410097884276,1.4209674331856,1.36289709725623,1.62195947860209,1.62598168207928,0.318529417261012,0.360967951099325,0.0209903193233076,0.0266800802408243
"163",51.0453539903507,43.3771446830552,0.935313684073854,1.1137487456369,1.68173265846471,2.10646817627897,1.57350920768406,1.46904553212163,0.384108253329126,0.297275009825213,0.0209903193233076,0.0273674527487675
"164",48.3027830162081,50.3283975928147,0.935313684073854,1.08042994880323,1.4209674331856,1.76463386559887,1.47597067036722,1.35949229530043,0.357307700734379,0.419130908959691,0.0209903193233076,0.0314603094461293
"165",48.7706811001591,49.1791057047729,0.935313684073854,1.05490833544839,1.36779858114065,1.24732911141387,1.7874432984577,1.5589608965965,0.31750080215106,0.327289712330116,0.0209903193233076,0.0206579756846412
"166",67.4504518108666,60.8015354943619,0.955143220568381,1.05097003458013,1.4209674331856,1.45797738573405,1.63279415601904,1.46844658570968,0.369724805306302,0.299263529311308,0.0209903193233076,0.0215760963805856
"167",59.2060141905106,59.4987513378144,0.935313684073854,0.999109090654623,1.4209674331856,1.52210607701372,1.6262732326001,1.59693309381529,0.400040282848521,0.354604304875896,0.0209903193233076,0.0265028836126394
"168",69.6667522609079,62.9744691148375,0.935313684073854,1.04966328817319,1.4209674331856,1.89323975566527,1.70417364299284,1.48568505806551,0.283700719059408,0.259963596514891,0.0209903193233076,0.0223410257596433
"169",49.5978794824988,45.2465338807376,0.935313684073854,1.36265365599907,1.4209674331856,1.75952259511215,1.3305714054791,1.43725521000141,0.293914976251304,0.246172443887643,0.0209903193233076,0.0256226405660594
"170",52.8067714968164,54.0258729384375,0.935313684073854,1.00042312906733,1.4209674331856,1.41571472938329,1.50368982292999,1.48034631148378,0.339300920041862,0.412400682991451,0.0209903193233076,0.0280380517928451
"171",47.8070393092712,50.3843825077376,0.935313684073854,1.28576618727033,1.4209674331856,1.45016527785861,1.39405880703539,1.38517595108452,0.354886752733676,0.297562113752128,0.0209903193233076,0.0323793339203965
"172",50.7406434251869,49.4317152573488,0.965118568524003,1.01046128101206,1.4209674331856,1.69722952966931,1.57170214397548,1.63453930104127,0.301057577559042,0.33016974096208,0.0209903193233076,0.0215747833244202
"173",57.5484038093627,59.2618319680034,0.935313684073854,1.07158998531737,1.4209674331856,1.45500399016899,1.68378169315384,1.58619224412723,0.279206207151818,0.285953037915758,0.0209903193233076,0.024236381259387
"174",60.2717069996057,56.9563512088988,1.24759313224591,1.10494464707647,1.4209674331856,1.4236584202966,1.51985963034285,1.41813249447625,0.299741379362026,0.318203209375147,0.0209903193233076,0.020255549786774
"175",46.4203052685398,47.4491205141747,0.935313684073854,0.979256695084332,1.4209674331856,1.79432586004118,1.42654606169661,1.43399143228508,0.37704611830519,0.310610857211987,0.0209903193233076,0.0205167311354707
"176",49.2019984568465,49.275656531233,0.935313684073854,1.30427673955198,1.4209674331856,1.61392325099263,1.61296292129502,1.59915066120363,0.345526457021263,0.343431784985583,0.0209903193233076,0.0184439952246629
"177",60.3800087230518,59.1017957571353,0.935313684073854,1.08590126392206,1.4209674331856,1.58497653441859,1.81532762622741,1.60998513283213,0.302181900318161,0.286696350983633,0.0209903193233076,0.0257111254149102
"178",44.3318419969209,48.7831191590854,0.935313684073854,0.983163587621913,1.30154090619173,1.41975089704171,1.76934767933439,1.7545002468239,0.313335325965189,0.310105246158396,0.0209903193233076,0.020437597341535
"179",60.2717069996057,56.9563512088988,1.24759313224591,1.10494464707647,1.4209674331856,1.4236584202966,1.51985963034285,1.41813249447625,0.299741379362026,0.318203209375147,0.0209903193233076,0.020255549786774
"180",55.7380366595123,58.807769649553,0.935313684073854,1.14591444014668,1.4209674331856,1.37937702438617,1.6434182468183,1.56749169659017,0.349509816725777,0.369211175367253,0.0209903193233076,0.026781472636722
"181",66.3762639753807,71.4176154731256,0.935313684073854,1.04303748946171,1.4209674331856,1.3206981049706,1.64247597946616,1.55009382500875,0.335847891922007,0.36959321639026,0.0209903193233076,0.020041898845784
"182",49.3284645135328,44.7360686196705,0.935313684073854,0.967153916504125,1.4209674331856,1.48099229100687,1.4717304451585,1.4426925838478,0.258808318982061,0.275960451385765,0.0209903193233076,0.0216033492130471
"183",54.9526337698812,50.9842509611719,0.935313684073854,1.16805998605843,1.4209674331856,1.35519300761101,1.40152503423441,1.38297574610394,0.331799977325594,0.335533174508678,0.0209903193233076,0.0204852357377368
"184",48.6484467548307,46.4041523605339,0.935313684073854,0.954883292788879,1.73363033715294,1.34930746377717,1.6773293490162,1.75560214473482,0.340585395133032,0.322508547199,0.0209903193233076,0.0195436965826956
"185",67.4504518108666,60.8015354943619,0.955143220568381,1.05097003458013,1.4209674331856,1.45797738573405,1.63279415601904,1.46844658570968,0.371086209999277,0.300223333955533,0.0209903193233076,0.0215760963805856
"186",55.8926506705229,43.7844205027097,1.17018791739664,1.44054585276827,1.48781154136372,1.23332980625589,1.4984436075883,1.47536921331743,0.320921331462696,0.355151272859965,0.0209903193233076,0.0197046431301673
"187",57.5484038093627,59.2618319680034,0.935313684073854,1.0763473573101,1.4209674331856,1.45500399016899,1.68378169315384,1.58619224412723,0.275483850008466,0.280130368433869,0.0209903193233076,0.0239363710850561
"188",48.6787767397864,45.2147634480509,0.935313684073854,0.980370041379056,1.4209674331856,1.45453058641687,1.49244402617146,1.30463568561318,0.308104955528245,0.295676755105882,0.0209903193233076,0.0193680316018448
"189",47.7603806202211,47.4117501732187,1.25506918470437,1.02007133636126,1.58791809850224,1.58923781321492,2.13073183513361,1.77430550851896,0.335017562227184,0.322513886388452,0.0209903193233076,0.0185973791279804
"190",63.2077302527392,68.4478201806822,0.935313684073854,1.08536131100559,1.4209674331856,1.5537938074159,1.65585889023071,1.5960560328413,0.351212606258023,0.362989368237763,0.0209903193233076,0.021401184255078
"191",51.0081954958996,53.2068427835113,0.935313684073854,1.07959944034282,1.4209674331856,1.32078901386905,1.70218596646127,1.56479019851537,0.315259368122308,0.316209642854221,0.0209903193233076,0.0206141804375698
"192",48.7548718765864,46.4674452410323,0.935313684073854,1.03096547955463,1.53253020979175,1.47202423382396,1.67737969639788,1.5015011845007,0.324765263065506,0.294562560452593,0.0209903193233076,0.0208106743944432
"193",45.5987698231523,45.9530619396711,0.935313684073854,1.0196368628723,1.4209674331856,1.72751614341894,1.68504650365209,1.42018427586093,0.306746263119444,0.311411044211291,0.0209903193233076,0.0199926012682636
"194",66.1401492485632,71.0508116917228,0.935313684073854,1.05063846800253,1.4209674331856,1.27083278639761,1.66020961070419,1.52059437927107,0.355630530797012,0.382213173679773,0.0209903193233076,0.0208910058174591
"195",64.4017491337503,63.5520102450174,0.935313684073854,1.07832720271116,1.4209674331856,2.21135486481259,1.57467676911983,1.38198119318979,0.265858706893138,0.247532711662053,0.0209903193233076,0.0232562693176971
"196",48.1211033916059,40.9434726533841,1.29406891025453,1.286357529696,1.4209674331856,1.66351733680161,1.5222221584652,1.50043205212342,0.309182561795742,0.361730074810315,0.0209903193233076,0.0189076003092256
"197",64.4017491337503,63.5520102450174,0.935313684073854,1.08720980700088,1.4209674331856,2.21135486481259,1.57467676911983,1.38198119318979,0.265858706893138,0.247532711662053,0.0209903193233076,0.0232562693176971
"198",50.7499829954631,47.6964352051976,0.935313684073854,1.04025867318577,1.40178802780278,1.43088308798716,1.62633026351894,1.50599988389935,0.327283789810327,0.289314516023812,0.0209903193233076,0.0253453044543271
"199",46.6997173939319,44.9486473835987,0.935313684073854,0.971034516213916,1.4209674331856,1.40163223834959,1.49008470186798,1.43734944827461,0.257104941895949,0.265697333656153,0.0209903193233076,0.0214392303390909
"200",56.7933919625567,55.0822324968232,1.00454643555018,1.16074013019633,1.4209674331856,1.32864098537682,1.5087677416326,1.51287226210013,0.316474439237263,0.303396477749371,0.0209903193233076,0.0202342738895615
"201",44.8357803540646,44.1820459232008,0.931005249178365,0.992090278027386,1.4209674331856,1.34507925650868,1.55511488352406,1.57927540765319,0.26933735401292,0.257166374285854,0.0209903193233076,0.0199741249887028
"202",51.883230818594,42.8004644497077,0.935313684073854,1.16869020457911,1.4209674331856,1.48657656100705,1.55501584335014,2.14340271851987,0.297230942056072,0.273755688199335,0.0209903193233076,0.0253585167712865
"203",60.8574017217441,61.9057338147852,0.904030415481524,1.13344555389301,1.4209674331856,1.73518341632967,1.74951470578986,1.6146920140685,0.366792851007542,0.305742575214482,0.0209903193233076,0.0165697062207104
"204",55.5734823229619,56.2388178379155,0.935313684073854,1.27782734797081,1.17288015898222,1.33061062354123,1.80120517424009,1.58801292012679,0.298932186574068,0.274232099837792,0.0209903193233076,0.0197304850253907
"205",65.2010254071891,50.7349769051828,0.935313684073854,1.25733301605488,1.4209674331856,1.51613187183427,1.59192153797991,1.68729602215913,0.377435447580011,0.423173077726893,0.0209903193233076,0.0205466400394188
"206",53.1731776761332,55.9227138827064,0.935313684073854,1.03915212716893,1.61392722845151,1.55287310868674,1.6613091683158,1.71743317170351,0.300689592778107,0.310640231331844,0.0209903193233076,0.021346387401579
"207",66.1804387162506,67.3060013159635,0.946978439693991,1.06359813513292,1.4209674331856,1.73724202175991,1.53043569457881,1.62094668166241,0.298098290007292,0.272961937255728,0.0209903193233076,0.0217795631958554
"208",51.0345208594328,50.4336022455315,1.0513700327035,1.19267965361826,1.59231304724296,1.8013152270868,1.52649159005759,1.48679487352328,0.303270347314438,0.285737772557251,0.0209903193233076,0.0201002161268082
"209",45.6091390897965,46.376009050106,0.935313684073854,0.994719437233387,1.4209674331856,1.68487857271256,1.50285447327016,1.3714442899461,0.331855218017549,0.339317796005706,0.0209903193233076,0.0211238602558326
"210",48.1028824477244,46.1364862986592,1.11971263039208,1.44449014086297,1.4209674331856,1.25040338358538,1.53360421492798,1.40572959488801,0.32661483826009,0.371052481615803,0.0209903193233076,0.0191756231843768
"211",52.1719920654489,45.9403598322681,0.935313684073854,1.0720021606546,1.4209674331856,2.63446362901365,1.74804085609004,1.59614975219685,0.307228812725899,0.325530009508928,0.0209903193233076,0.0231897567395457
"212",45.3465146921483,43.4836957101276,0.935313684073854,0.967635518490478,1.4209674331856,1.4400512989477,1.49196386160642,1.4304542041373,0.282134594385265,0.288783906824183,0.0209903193233076,0.0236426363539051
"213",50.2647813020209,49.5065993898802,0.935313684073854,1.21228326854754,1.4209674331856,1.48420551589309,1.64835462312127,1.66960326485169,0.362991419649956,0.376033315152687,0.0209903193233076,0.0197940611928119
"214",50.6136579470973,56.5809704256652,0.935313684073854,1.0491295976644,2.01399766046774,1.65441194006084,1.63609841171492,1.53945140155346,0.311882739382108,0.289068256567071,0.0209903193233076,0.021232508817696
"215",62.8399314420266,67.5447573442973,0.935313684073854,1.06314171160425,1.4209674331856,1.52589156393079,1.70745616280177,1.62133565412663,0.352072714427084,0.362155889816931,0.0209903193233076,0.0216580068480439
"216",50.249091276012,50.7575407059984,0.935313684073854,1.29528485516364,1.4209674331856,1.83926283933244,1.58696440330018,1.56397758072966,0.332424032271782,0.287964355495428,0.0209903193233076,0.023395947217015
"217",42.8604472143071,42.2005804532322,0.935313684073854,0.986394449859024,1.4209674331856,1.47052106660568,1.65742514429197,1.50240164537952,0.295044994940135,0.261204646140348,0.0209903193233076,0.0266730316306445
"218",55.6336354340962,54.3965903205125,0.99167332274717,1.07262244287119,1.4209674331856,1.32182791278273,1.50387675754965,1.3332396037587,0.335364651830818,0.294716629623909,0.0209903193233076,0.0202484464955348
"219",50.9669910368162,50.4973809292211,0.935313684073854,1.03883000241293,1.4209674331856,1.28470634932742,1.44661569168689,1.49201469634405,0.301988747258248,0.295637589517097,0.0209903193233076,0.0189289099159096
"220",47.1675076260895,48.9021832519247,0.935313684073854,1.23296414612645,1.4209674331856,1.42766561183853,1.59372652049021,1.57957771005848,0.311373327690526,0.348029948691146,0.0209903193233076,0.0256428270696604
"221",60.2782468272882,69.6619845787623,1.12055306611418,1.13248102176939,1.4209674331856,1.36984717244556,1.52922152685229,1.41045293879071,0.327063695060604,0.298837057146825,0.0209903193233076,0.0201815143824375
"222",47.0639262147771,40.5684815132907,0.935313684073854,1.12802093932111,1.4209674331856,2.03284080596818,1.52421149419556,1.49421053990645,0.3330148983086,0.351354100232813,0.0209903193233076,0.0230276952035476
"223",51.4814413155115,50.0830894630633,0.935313684073854,1.11579754257453,1.4209674331856,1.83370195330472,1.48909794405368,1.56388071466231,0.384852089782352,0.374090798368313,0.0209903193233076,0.0208303423640242
"224",63.484529613808,44.2217659276239,0.935313684073854,1.75275585009849,1.4209674331856,1.53858570671247,1.55688153512175,1.62709820740052,0.432351642207614,0.343317387351859,0.0209903193233076,0.0212556109925784
"225",66.3327324329588,71.1095305218177,0.935313684073854,1.04230510245317,1.4209674331856,1.32163213941308,1.74621608998266,1.55164142126462,0.329840791469506,0.358877651532617,0.0209903193233076,0.0195782161716259
"226",53.018811945502,54.1021521041987,0.935313684073854,0.983346031586112,1.4209674331856,1.41784619338301,1.52484524406875,1.45268375857099,0.353153625126738,0.36630441783861,0.0209903193233076,0.026666747438275
"227",55.5222472180107,53.1450731706189,0.935313684073854,1.63889035475214,1.4209674331856,2.08166493661444,1.58293087180464,1.45309396673614,0.339725775203563,0.327449424814055,0.0209903193233076,0.0215091382729949
"228",59.0322131153228,56.6324980239658,0.935313684073854,0.999109090654623,1.4209674331856,1.73189090962968,1.64274187302461,1.6150514519432,0.395674275038553,0.356241390350828,0.0209903193233076,0.0215679892800839
"229",60.4545090095338,59.0152704994589,1.00124631143783,1.08175538344995,1.4209674331856,2.06812421550814,1.59487506189061,1.50565832470759,0.35784683954529,0.297453453804956,0.0209903193233076,0.0188751892267863
"230",49.8672178048024,49.1323600887036,0.935313684073854,1.20630108132103,1.4209674331856,1.58965982633489,1.58113676968566,1.60759609770441,0.373744103173445,0.389167612701783,0.0209903193233076,0.019700232278548
"231",53.8092394980304,52.8977009449793,0.935313684073854,0.993856725403237,1.26282993882503,1.16866024613862,1.64548348027071,1.57786245303047,0.348324198064544,0.332591662059435,0.0209903193233076,0.0192689214598151
"232",51.3108893582841,43.9505317549872,0.935313684073854,1.15313637832922,1.4209674331856,1.74940318465231,1.60152581679592,1.44131829726832,0.312514954734745,0.310443858443873,0.0209903193233076,0.0202585086862267
"233",48.9373047312181,50.9190693566233,0.935313684073854,1.23085366285741,1.4209674331856,1.57283745201429,1.64468619138091,1.63253295918201,0.394358599471451,0.4224187263614,0.0209903193233076,0.0216365221166387
"234",68.9323343852222,74.9525017399042,0.935313684073854,1.55391233105415,1.4209674331856,1.41210116516001,1.56965517556379,1.54583848227319,0.359819803692071,0.282593281971376,0.0209903193233076,0.0200733402324341
"235",58.5895294791973,56.2216813753244,1.00940533888302,1.18672220498708,1.4209674331856,1.4079364605106,1.57700657681746,1.59249537920327,0.301905356118069,0.292082804458086,0.0209903193233076,0.0210618360468382
"236",66.8566315174123,61.9272797741098,0.935313684073854,1.0180434612077,1.4209674331856,1.86385216380884,1.4778623094331,2.67521744957553,0.269726826367495,0.252905511658552,0.0209903193233076,0.0250192175565916
"237",49.2623872200283,48.044538081237,0.935313684073854,1.25671204918949,1.4209674331856,1.80454713045971,1.58557930690976,1.69885332637687,0.320843717642908,0.279290549352813,0.0209903193233076,0.0203529547020804
"238",50.9669910368162,50.4973809292211,0.935313684073854,1.03883000241293,1.4209674331856,1.28470634932742,1.44661569168689,1.49201469634405,0.301988747258248,0.295637589517097,0.0209903193233076,0.0189289099159096
"239",49.8306592437435,54.0412541095835,0.935313684073854,1.33945023327103,1.4209674331856,1.42387416839756,1.58314219447397,1.57829783735001,0.324234712972769,0.293411059198185,0.0209903193233076,0.0197088366900418
"240",56.913799474196,54.9681117845772,1.03577298723723,1.14368401339563,1.4209674331856,1.46241713164224,1.58943279055978,2.11940480428653,0.312370502523076,0.306334206450499,0.0209683158958621,0.0220392672156745
"241",47.3525247318031,44.5559440770315,0.935313684073854,0.985324921427314,1.4209674331856,1.46869265724547,1.614690373536,1.7250663424466,0.337406522661175,0.371148456017494,0.0209903193233076,0.0188585981673384
"242",45.3465146921483,43.4836957101276,0.935313684073854,0.967635518490478,1.4209674331856,1.4400512989477,1.49196386160642,1.4304542041373,0.282134594385265,0.288783906824183,0.0209903193233076,0.0236426363539051
"243",51.1769431228425,50.5755625105016,0.935313684073854,1.21093057517178,1.4209674331856,1.34014776741157,1.65118213122323,1.68850161718725,0.338868449485823,0.343701428598139,0.0209903193233076,0.0201179482851898
"244",70.4369639247618,73.5361930276484,0.935313684073854,1.53451688926144,1.4209674331856,1.45193813393511,1.55251416443951,1.51987686678292,0.362040603475783,0.287031371476062,0.0209903193233076,0.0200599674554928
"245",47.8070393092712,50.3843825077376,0.935313684073854,1.28662904764074,1.4209674331856,1.45016527785861,1.39405880703539,1.38517595108452,0.355688368438607,0.298129832088619,0.0209903193233076,0.0325989389521807
"246",54.4234512993769,50.966768786407,0.935313684073854,1.11048724508865,1.4209674331856,1.26467292069977,1.55134123716743,1.44303051950547,0.328878673656462,0.310504538919857,0.0209903193233076,0.0191897457687687
"247",67.4504518108666,60.8015354943619,0.955143220568381,1.05097003458013,1.4209674331856,1.45797738573405,1.63279415601904,1.46844658570968,0.369724805306302,0.299263529311308,0.0209903193233076,0.0215760963805856
"248",47.9579818829793,42.2124430859834,0.935313684073854,1.39407311233609,1.46783202037025,2.20670586044632,1.68021724514749,1.56792737747706,0.302706059743707,0.291226899564753,0.0209903193233076,0.0228003071094897
"249",48.7706811001591,49.1791057047729,0.935313684073854,1.05490833544839,1.36779858114065,1.24732911141387,1.7874432984577,1.5589608965965,0.31750080215106,0.327289712330116,0.0209903193233076,0.0206579756846412
"250",51.850779045948,47.6341275813796,0.935313684073854,1.00176572136421,1.37608758816722,1.39239597297482,1.83952129936302,1.57820989589907,0.308415872858397,0.299100896748701,0.0209903193233076,0.0233178332718349
"251",63.2119523019055,55.793952916166,0.935313684073854,1.11282303480563,1.4209674331856,1.44048664410193,1.54770700228976,1.52729408821852,0.344084270775771,0.289890711223155,0.0209903193233076,0.0201518115209534
"252",60.8899024553958,47.2615710496845,0.935313684073854,0.980564900820154,1.67315008858334,1.81957586166512,1.56954074439967,1.62471126046003,0.321300573356551,0.316566121697071,0.0209903193233076,0.0310983380490526
"253",52.1719920654489,45.9403598322681,0.935313684073854,1.0720021606546,1.4209674331856,2.63446362901365,1.74804085609004,1.59614975219685,0.307228812725899,0.325530009508928,0.0209903193233076,0.0231897567395457
"254",50.5105629081414,50.2273355680111,0.935313684073854,1.26240880628271,1.4209674331856,1.49821935779051,1.46923523415621,1.47446030308686,0.305717620148492,0.270988866420986,0.0209903193233076,0.0193363191676023
"255",52.9906987145467,53.2984284341954,0.935313684073854,0.997364507483817,1.4209674331856,2.23458720502021,1.80288085076431,1.85066430797345,0.360609775886334,0.354167429550067,0.0209903193233076,0.0201002738453018
"256",45.516033946422,44.0547119340719,0.935313684073854,1.13311572130823,1.57014709116535,1.79698113323006,1.51968882361045,1.53546817722524,0.319877021658723,0.331898315953132,0.0209903193233076,0.0187808974925489
"257",55.3325394701785,54.4550958821669,0.983529259595823,1.10267925599979,1.4209674331856,1.34534653883164,1.52473835551369,1.47721220105003,0.322707781106701,0.273463135294497,0.0209903193233076,0.0200576489296435
"258",54.7907232892334,61.4913140020438,0.935313684073854,1.05536323910337,1.4209674331856,1.51888229350815,1.62840055005683,1.63445257603398,0.305696590024963,0.319486446630628,0.0209903193233076,0.0247174863560415
"259",49.0513944330518,48.1610195579264,0.935313684073854,1.23620048790824,1.4209674331856,1.62172834267591,1.54461050158485,1.63969013116578,0.366468042140877,0.356792911537489,0.0209903193233076,0.020049158659704
"260",48.6787767397864,45.2147634480509,0.935313684073854,0.980370041379056,1.4209674331856,1.45453058641687,1.49244402617146,1.30463568561318,0.308104955528245,0.295676755105882,0.0209903193233076,0.0193680316018448
"261",51.0624408998962,43.0114502032828,1.44047317146092,1.28034542656034,1.43192505543381,1.49149959796029,1.71127660148394,1.96546195254285,0.27533552466213,0.266040931638901,0.0209903193233076,0.0203648437424907
"262",46.4529889855804,45.798806924063,0.935313684073854,0.969768636054523,1.4209674331856,1.43706527647904,1.51059794847677,1.44895679493364,0.299611608250533,0.336904522463395,0.0209903193233076,0.0211299454275113
"263",56.7933919625567,55.0822324968232,1.00454643555018,1.16074013019633,1.4209674331856,1.36410157843448,1.54513331314778,1.54074385773629,0.316474439237263,0.303396477749371,0.0209903193233076,0.0200954531573513
"264",50.3028913745902,51.1372097156903,0.935313684073854,1.12527370156345,1.4209674331856,1.64668119239925,1.64482612399394,1.59737652408641,0.386044050394194,0.413710748609521,0.0209903193233076,0.0218326019298932
"265",51.1278439745024,51.3180773509084,0.964470656742704,1.05561598368553,1.77027237261487,2.11497482619915,1.70401605009604,1.54231340311903,0.302030043100965,0.307810905397993,0.0209903193233076,0.0212444319325685
"266",53.156112231089,51.3235148699534,1.13223377340578,1.09732742999486,1.60075221649893,1.249235399828,1.56003509222189,1.39633641219098,0.329262295063605,0.312573049790839,0.0209903193233076,0.0197932117587647
"267",45.2974397456467,43.963895871847,0.935313684073854,1.13966572297315,1.56889207061707,1.80646295169866,1.51968882361045,1.53546817722524,0.319522067509223,0.331163923749659,0.0209903193233076,0.0187961224831576
"268",48.4711002888398,47.8122325821206,0.935313684073854,0.96366755311209,1.43543890606265,1.37618054938822,1.73350093647643,1.5973021524299,0.338834275805956,0.322123386903815,0.0209903193233076,0.0197032970125082
"269",49.1175111679162,48.919955143944,0.935313684073854,1.2099540522767,1.4209674331856,1.63766648241028,1.51891619334886,1.632927351077,0.378659944889394,0.337490503216259,0.0209903193233076,0.0192275937997399
"270",57.1821148566427,52.9337965140355,1.13556207952809,1.17444229740633,1.4209674331856,1.37906667336052,1.63919789184688,1.58908282974888,0.328111408867604,0.339658874633166,0.0209426391641428,0.0223399659179479
"271",52.0273209192723,52.2747270606725,0.935313684073854,1.29424751953993,1.39840479261405,1.45876401829294,1.50630137088267,1.68963746398682,0.284730160062661,0.273350843893603,0.0209903193233076,0.0203157908257631
"272",51.181233006354,45.191295270642,0.939513379948037,1.5383753990679,1.37472965584499,1.45996264953746,1.69412125496779,1.43552112836228,0.320324104974507,0.294468182971485,0.0209903193233076,0.0208862968485787
"273",46.8118834107107,47.1374417934765,0.935313684073854,1.00757855569469,1.19022988858774,1.27450272121478,1.72428115854512,1.61950510804987,0.369083527072388,0.364944883890931,0.0209903193233076,0.0202867113578561
"274",59.2050390009621,58.6934240920481,0.935313684073854,1.12799217565289,1.4209674331856,1.33465947479226,1.63465736442509,1.53213464614909,0.344577787498407,0.353518680054715,0.0209903193233076,0.0196151961045077
"275",51.0081954958996,53.2068427835113,0.935313684073854,1.07928523923977,1.4209674331856,1.32078901386905,1.70218596646127,1.56479019851537,0.315259368122308,0.316209642854221,0.0209903193233076,0.0207427976536672
"276",51.687129627617,58.5032395719683,0.935313684073854,1.5462521046832,1.4209674331856,1.44048938725025,1.63483210867667,1.52773794798822,0.374237306919088,0.35549790921981,0.0209903193233076,0.0194616079819576
"277",48.525071219938,44.0718514335395,1.58493068150481,1.37869479515802,1.53415171286239,1.83966952001481,1.53732941247365,1.58869717609793,0.324745069925249,0.330875644504081,0.0209903193233076,0.0185979748019242
"278",62.9185473271842,56.1765857114711,0.935313684073854,1.08908617680233,1.4209674331856,1.58360164486988,1.54203585342988,1.52404702698771,0.339739498288047,0.300093446718624,0.0209903193233076,0.0201098837191497
"279",49.9649118637062,50.2586328421888,0.935313684073854,1.00178039297515,1.4209674331856,1.29631700255837,1.49813530997746,1.46757728376703,0.317295416191779,0.300071052356623,0.0209903193233076,0.0200212554799499
"280",51.7222808088898,48.3590735921376,0.935313684073854,1.07301259072672,1.38163461300883,1.42134542796231,1.70098104030604,1.51779065034733,0.322902908271462,0.329864706260565,0.0209903193233076,0.020589216485906
"281",54.7071985323093,45.891863835561,0.935313684073854,1.19456080920492,1.4209674331856,1.45285576939937,1.59793822150081,1.51062690285983,0.327430756806085,0.2944327256811,0.0209903193233076,0.0204615164720998
"282",50.5496457003071,50.8670350592886,0.935313684073854,1.15943118586107,1.46695426487877,1.57025562486747,1.58458868027119,1.59244654663854,0.382005513983191,0.402579430500642,0.0209903193233076,0.0206130266154631
"283",47.2333650900539,50.95680495699,0.935313684073854,1.31742121813188,1.4209674331856,1.35369681065706,1.4012410554139,1.39069625182092,0.349416495033619,0.297493926492696,0.0209903193233076,0.0355992124311642
"284",67.4504518108666,60.8015354943619,0.955143220568381,1.05097003458013,1.4209674331856,1.45797738573405,1.63279415601904,1.46844658570968,0.371086209999277,0.300223333955533,0.0209903193233076,0.0215760963805856
"285",50.0266037169641,48.9337192704903,0.935313684073854,1.28900230702497,1.4209674331856,2.01111662211562,1.59593311548628,1.66883486196445,0.367682284940921,0.303312749307417,0.0209903193233076,0.0241334488538521
"286",62.1293434277868,65.265035779585,0.935313684073854,1.01218549532767,1.4209674331856,1.90288976054363,1.49282226695497,2.27620942072531,0.26391621731394,0.263082331589474,0.0209903193233076,0.0248441165201747
"287",44.8357803540646,44.1820459232008,0.931005249178365,0.992090278027386,1.4209674331856,1.34507925650868,1.55511488352406,1.57927540765319,0.26933735401292,0.257166374285854,0.0209903193233076,0.0199741249887028
"288",48.525071219938,44.0718514335395,1.58493068150481,1.37869479515802,1.53415171286239,1.83966952001481,1.5373262034563,1.59471783668382,0.324745069925249,0.330875644504081,0.0209903193233076,0.0185979748019242
"289",50.198013084016,50.625621789255,0.935313684073854,1.3126292538557,1.4209674331856,1.83926283933244,1.60220300001277,1.60094331186042,0.332424032271782,0.287964355495428,0.0209903193233076,0.023395947217015
"290",61.2736867607493,47.1449434096203,0.935313684073854,0.98770956506521,1.71166370296239,1.80986777007304,1.56954074439967,1.62471126046003,0.327085931280421,0.331118288345014,0.0209903193233076,0.031452769687419
"291",55.6120273281561,55.2790525984875,0.935313684073854,1.07880214157022,1.4209674331856,1.48247561739674,1.62485380450913,1.45665325129902,0.307393414153459,0.28455524750346,0.0209903193233076,0.0237451935848179
"292",45.9480816161062,45.3111591861382,0.935313684073854,1.02343507693137,1.37882542413687,1.79948384138103,1.44455028602409,1.50164601707008,0.320062483269661,0.342009912369459,0.0209903193233076,0.0189257336770315
"293",55.1273967646029,61.4240512944177,0.935313684073854,1.02279665013724,1.4209674331856,1.86542031886792,2.6741987714015,1.51696741381584,0.299450469654446,0.254536601788289,0.0209903193233076,0.0257135069744037
"294",48.7548718765864,46.4674452410323,0.935313684073854,1.03096547955463,1.53253020979175,1.47202423382396,1.67737969639788,1.5015011845007,0.320805054818702,0.290927876976529,0.0209903193233076,0.0208106743944432
"295",46.8675358858248,48.3929357864818,0.935313684073854,0.944815319017186,1.19921275891705,1.26114838924071,1.55955928572759,1.70943312308763,0.3683784140406,0.362965851570687,0.0209903193233076,0.0200913539831775
"296",55.9825578092858,50.455002891308,0.935313684073854,1.16805998605843,1.4209674331856,1.35519300761101,1.40239818916212,1.38268302413911,0.369896085736619,0.333364710295594,0.0209903193233076,0.0204852357377368
"297",55.4527421004072,51.0844968770237,0.935313684073854,1.21435655134527,1.4209674331856,1.43268727273863,1.62991495073075,1.58728824011014,0.328855275766499,0.293169596434876,0.0209903193233076,0.020509680916309
"298",49.2955517524393,49.3030572171367,0.935313684073854,1.30370180003315,1.4209674331856,1.62144694090109,1.61296292129502,1.59915066120363,0.353427753700821,0.344023071289335,0.0209903193233076,0.0184589854421917
"299",47.882004496541,49.382213848748,0.935313684073854,1.01104851621352,1.68263197889714,1.61633291792046,1.52606587249683,1.38280121353186,0.349752208777367,0.421585597132825,0.0209903193233076,0.0216625754993902
"300",49.2377944439021,50.1183132009233,0.935313684073854,1.34274670175343,1.4209674331856,1.70167648550039,1.32515085091397,1.47420618895135,0.286111749119328,0.265420796053938,0.0209903193233076,0.0272964223721356
